try_size_, EntryCompare((entry_size_ - sizeof(ProbPointer)) / sizeof(WordIndex)));
C/C++:       |             ^
C/C++: /usr/local/lib/android/sdk/ndk/28.0.13004108/toolchains/llvm/prebuilt/linux-x86_64/sysroot/usr/include/c++/v1/__functional/binary_function.h:24:29: note: 'binary_function<const util::JustPOD<24> &, const util::JustPOD<24> &, bool>' has been explicitly marked deprecated here
C/C++:    24 | struct _LIBCPP_TEMPLATE_VIS _LIBCPP_DEPRECATED_IN_CXX11 binary_function {
C/C++:       |                             ^
C/C++: /usr/local/lib/android/sdk/ndk/28.0.13004108/toolchains/llvm/prebuilt/linux-x86_64/sysroot/usr/include/c++/v1/__config:970:41: note: expanded from macro '_LIBCPP_DEPRECATED_IN_CXX11'
C/C++:   970 | #    define _LIBCPP_DEPRECATED_IN_CXX11 _LIBCPP_DEPRECATED
C/C++:       |                                         ^
C/C++: /usr/local/lib/android/sdk/ndk/28.0.13004108/toolchains/llvm/prebuilt/linux-x86_64/sysroot/usr/include/c++/v1/__config:955:49: note: expanded from macro '_LIBCPP_DEPRECATED'
C/C++:   955 | #      define _LIBCPP_DEPRECATED __attribute__((__deprecated__))
C/C++:       |                                                 ^
C/C++: In file included from /home/runner/work/fcitx5-android/fcitx5-android/lib/libime/src/main/cpp/libime/src/libime/core/kenlm/lm/search_trie.cc:19:
C/C++: /home/runner/work/fcitx5-android/fcitx5-android/lib/libime/src/main/cpp/libime/src/libime/core/kenlm/lm/../util/sized_iterator.hh:157:71: warning: 'binary_function<const util::JustPOD<28> &, const util::JustPOD<28> &, bool>' is deprecated [-Wdeprecated-declarations]
C/C++:   157 | template <class Delegate, unsigned Size> class JustPODDelegate : std::binary_function<const JustPOD<Size> &, const JustPOD<Size> &, bool> {
C/C++:       |                                                                       ^
C/C++: /home/runner/work/fcitx5-android/fcitx5-android/lib/libime/src/main/cpp/libime/src/libime/core/kenlm/lm/../util/sized_iterator.hh:182:5: note: in instantiation of template class 'util::JustPODDelegate<lm::ngram::trie::EntryCompare, 28>' requested here
C/C++:   182 |     UTIL_SORT_SPECIALIZE(28);
C/C++:       |     ^
C/C++: /home/runner/work/fcitx5-android/fcitx5-android/lib/libime/src/main/cpp/libime/src/libime/core/kenlm/lm/../util/sized_iterator.hh:169:85: note: expanded from macro 'UTIL_SORT_SPECIALIZE'
C/C++:   169 |     std::sort(static_cast<JustPOD<Size>*>(start), static_cast<JustPOD<Size>*>(end), JustPODDelegate<Compare, Size>(compare)); \
C/C++:       |                                                                                     ^
C/C++: /home/runner/work/fcitx5-android/fcitx5-android/lib/libime/src/main/cpp/libime/src/libime/core/kenlm/lm/search_trie.cc:157:13: note: in instantiation of function template specialization 'util::SizedSort<lm::ngram::trie::EntryCompare>' requested here
C/C++:   157 |       util::SizedSort(backing_.get(), current_, entry_size_, EntryCompare((entry_size_ - sizeof(ProbPointer)) / sizeof(WordIndex)));
C/C++:       |             ^
C/C++: /usr/local/lib/android/sdk/ndk/28.0.13004108/toolchains/llvm/prebuilt/linux-x86_64/sysroot/usr/include/c++/v1/__functional/binary_function.h:24:29: note: 'binary_function<const util::JustPOD<28> &, const util::JustPOD<28> &, bool>' has been explicitly marked deprecated here
C/C++:    24 | struct _LIBCPP_TEMPLATE_VIS _LIBCPP_DEPRECATED_IN_CXX11 binary_function {
C/C++:       |                             ^
C/C++: /usr/local/lib/android/sdk/ndk/28.0.13004108/toolchains/llvm/prebuilt/linux-x86_64/sysroot/usr/include/c++/v1/__config:970:41: note: expanded from macro '_LIBCPP_DEPRECATED_IN_CXX11'
C/C++:   970 | #    define _LIBCPP_DEPRECATED_IN_CXX11 _LIBCPP_DEPRECATED
C/C++:       |                                         ^
C/C++: /usr/local/lib/android/sdk/ndk/28.0.13004108/toolchains/llvm/prebuilt/linux-x86_64/sysroot/usr/include/c++/v1/__config:955:49: note: expanded from macro '_LIBCPP_DEPRECATED'
C/C++:   955 | #      define _LIBCPP_DEPRECATED __attribute__((__deprecated__))
C/C++:       |                                                 ^
C/C++: In file included from /home/runner/work/fcitx5-android/fcitx5-android/lib/libime/src/main/cpp/libime/src/libime/core/kenlm/lm/search_trie.cc:19:
C/C++: /home/runner/work/fcitx5-android/fcitx5-android/lib/libime/src/main/cpp/libime/src/libime/core/kenlm/lm/../util/sized_iterator.hh:157:71: warning: 'binary_function<const util::JustPOD<32> &, const util::JustPOD<32> &, bool>' is deprecated [-Wdeprecated-declarations]
C/C++:   157 | template <class Delegate, unsigned Size> class JustPODDelegate : std::binary_function<const JustPOD<Size> &, const JustPOD<Size> &, bool> {
C/C++:       |                                                                       ^
C/C++: /home/runner/work/fcitx5-android/fcitx5-android/lib/libime/src/main/cpp/libime/src/libime/core/kenlm/lm/../util/sized_iterator.hh:183:5: note: in instantiation of template class 'util::JustPODDelegate<lm::ngram::trie::EntryCompare, 32>' requested here
C/C++:   183 |     UTIL_SORT_SPECIALIZE(32);
C/C++:       |     ^
C/C++: /home/runner/work/fcitx5-android/fcitx5-android/lib/libime/src/main/cpp/libime/src/libime/core/kenlm/lm/../util/sized_iterator.hh:169:85: note: expanded from macro 'UTIL_SORT_SPECIALIZE'
C/C++:   169 |     std::sort(static_cast<JustPOD<Size>*>(start), static_cast<JustPOD<Size>*>(end), JustPODDelegate<Compare, Size>(compare)); \
C/C++:       |                                                                                     ^
C/C++: /home/runner/work/fcitx5-android/fcitx5-android/lib/libime/src/main/cpp/libime/src/libime/core/kenlm/lm/search_trie.cc:157:13: note: in instantiation of function template specialization 'util::SizedSort<lm::ngram::trie::EntryCompare>' requested here
C/C++:   157 |       util::SizedSort(backing_.get(), current_, entry_size_, EntryCompare((entry_size_ - sizeof(ProbPointer)) / sizeof(WordIndex)));
C/C++:       |             ^
C/C++: /usr/local/lib/android/sdk/ndk/28.0.13004108/toolchains/llvm/prebuilt/linux-x86_64/sysroot/usr/include/c++/v1/__functional/binary_function.h:24:29: note: 'binary_function<const util::JustPOD<32> &, const util::JustPOD<32> &, bool>' has been explicitly marked deprecated here
C/C++:    24 | struct _LIBCPP_TEMPLATE_VIS _LIBCPP_DEPRECATED_IN_CXX11 binary_function {
C/C++:       |                             ^
C/C++: /usr/local/lib/android/sdk/ndk/28.0.13004108/toolchains/llvm/prebuilt/linux-x86_64/sysroot/usr/include/c++/v1/__config:970:41: note: expanded from macro '_LIBCPP_DEPRECATED_IN_CXX11'
C/C++:   970 | #    define _LIBCPP_DEPRECATED_IN_CXX11 _LIBCPP_DEPRECATED
C/C++:       |                                         ^
C/C++: /usr/local/lib/android/sdk/ndk/28.0.13004108/toolchains/llvm/prebuilt/linux-x86_64/sysroot/usr/include/c++/v1/__config:955:49: note: expanded from macro '_LIBCPP_DEPRECATED'
C/C++:   955 | #      define _LIBCPP_DEPRECATED __attribute__((__deprecated__))
C/C++:       |                                                 ^
C/C++: In file included from /home/runner/work/fcitx5-android/fcitx5-android/lib/libime/src/main/cpp/libime/src/libime/core/kenlm/lm/search_trie.cc:19:
C/C++: /home/runner/work/fcitx5-android/fcitx5-android/lib/libime/src/main/cpp/libime/src/libime/core/kenlm/lm/../util/sized_iterator.hh:130:86: warning: 'binary_function<const util::SizedProxy &, const util::SizedProxy &, bool>' is deprecated [-Wdeprecated-declarations]
C/C++:   130 | template <class Delegate, class Proxy = SizedProxy> class SizedCompare : public std::binary_function<const Proxy &, const Proxy &, bool> {
C/C++:       |                                                                                      ^
C/C++: /home/runner/work/fcitx5-android/fcitx5-android/lib/libime/src/main/cpp/libime/src/libime/core/kenlm/lm/../util/sized_iterator.hh:202:90: note: in instantiation of template class 'util::SizedCompare<lm::ngram::trie::EntryCompare>' requested here
C/C++:   202 |           (SizedIterator(SizedProxy(start, pool)), SizedIterator(SizedProxy(end, pool)), SizedCompare<Compare>(compare));
C/C++:       |                                                                                          ^
C/C++: /home/runner/work/fcitx5-android/fcitx5-android/lib/libime/src/main/cpp/libime/src/libime/core/kenlm/lm/search_trie.cc:157:13: note: in instantiation of function template specialization 'util::SizedSort<lm::ngram::trie::EntryCompare>' requested here
C/C++:   157 |       util::SizedSort(backing_.get(), current_, entry_size_, EntryCompare((entry_size_ - sizeof(ProbPointer)) / sizeof(WordIndex)));
C/C++:       |             ^
C/C++: /usr/local/lib/android/sdk/ndk/28.0.13004108/toolchains/llvm/prebuilt/linux-x86_64/sysroot/usr/include/c++/v1/__functional/binary_function.h:24:29: note: 'binary_function<const util::SizedProxy &, const util::SizedProxy &, bool>' has been explicitly marked deprecated here
C/C++:    24 | struct _LIBCPP_TEMPLATE_VIS _LIBCPP_DEPRECATED_IN_CXX11 binary_function {
C/C++:       |                             ^
C/C++: /usr/local/lib/android/sdk/ndk/28.0.13004108/toolchains/llvm/prebuilt/linux-x86_64/sysroot/usr/include/c++/v1/__config:970:41: note: expanded from macro '_LIBCPP_DEPRECATED_IN_CXX11'
C/C++:   970 | #    define _LIBCPP_DEPRECATED_IN_CXX11 _LIBCPP_DEPRECATED
C/C++:       |                                         ^
C/C++: /usr/local/lib/android/sdk/ndk/28.0.13004108/toolchains/llvm/prebuilt/linux-x86_64/sysroot/usr/include/c++/v1/__config:955:49: note: expanded from macro '_LIBCPP_DEPRECATED'
C/C++:   955 | #      define _LIBCPP_DEPRECATED __attribute__((__deprecated__))
C/C++:       |                                                 ^
C/C++: In file included from /home/runner/work/fcitx5-android/fcitx5-android/lib/libime/src/main/cpp/libime/src/libime/core/kenlm/lm/search_trie.cc:17:
C/C++: /home/runner/work/fcitx5-android/fcitx5-android/lib/libime/src/main/cpp/libime/src/libime/core/kenlm/lm/../util/proxy_iterator.hh:56:8: warning: definition of implicit copy constructor for 'ProxyIterator<util::SizedProxy>' is deprecated because it has a user-provided copy assignment operator [-Wdeprecated-copy-with-user-provided-copy]
C/C++:    56 |     S &operator=(const S &other) {
C/C++:       |        ^
C/C++: /usr/local/lib/android/sdk/ndk/28.0.13004108/toolchains/llvm/prebuilt/linux-x86_64/sysroot/usr/include/c++/v1/__algorithm/sort.h:990:44: note: in implicit copy constructor for 'util::ProxyIterator<util::SizedProxy>' first required here
C/C++:   990 |   std::__debug_randomize_range<_AlgPolicy>(__first, __last);
C/C++:       |                                            ^
C/C++: /usr/local/lib/android/sdk/ndk/28.0.13004108/toolchains/llvm/prebuilt/linux-x86_64/sysroot/usr/include/c++/v1/__algorithm/sort.h:1004:8: note: in instantiation of function template specialization 'std::__sort_impl<std::_ClassicAlgPolicy, util::ProxyIterator<util::SizedProxy>, util::SizedCompare<lm::ngram::trie::EntryCompare>>' requested here
C/C++:  1004 |   std::__sort_impl<_ClassicAlgPolicy>(std::move(__first), std::move(__last), __comp);
C/C++:       |        ^
C/C++: /home/runner/work/fcitx5-android/fcitx5-android/lib/libime/src/main/cpp/libime/src/libime/core/kenlm/lm/../util/sized_iterator.hh:200:14: note: in instantiation of function template specialization 'std::sort<util::ProxyIterator<util::SizedProxy>, util::SizedCompare<lm::ngram::trie::EntryCompare>>' requested here
C/C++:   200 |         std::sort
C/C++:       |              ^
C/C++: /home/runner/work/fcitx5-android/fcitx5-android/lib/libime/src/main/cpp/libime/src/libime/core/kenlm/lm/search_trie.cc:157:13: note: in instantiation of function template specialization 'util::SizedSort<lm::ngram::trie::EntryCompare>' requested here
C/C++:   157 |       util::SizedSort(backing_.get(), current_, entry_size_, EntryCompare((entry_size_ - sizeof(ProbPointer)) / sizeof(WordIndex)));
C/C++:       |             ^
C/C++: 14 warnings generated.
C/C++: In file included from /home/runner/work/fcitx5-android/fcitx5-android/lib/libime/src/main/cpp/libime/src/libime/core/kenlm/lm/trie_sort.cc:1:
C/C++: /home/runner/work/fcitx5-android/fcitx5-android/lib/libime/src/main/cpp/libime/src/libime/core/kenlm/lm/trie_sort.hh:31:34: warning: 'binary_function<const void *, const void *, bool>' is deprecated [-Wdeprecated-declarations]
C/C++:    31 | class EntryCompare : public std::binary_function<const void*, const void*, bool> {
C/C++:       |                                  ^
C/C++: /usr/local/lib/android/sdk/ndk/28.0.13004108/toolchains/llvm/prebuilt/linux-x86_64/sysroot/usr/include/c++/v1/__functional/binary_function.h:24:29: note: 'binary_function<const void *, const void *, bool>' has been explicitly marked deprecated here
C/C++:    24 | struct _LIBCPP_TEMPLATE_VIS _LIBCPP_DEPRECATED_IN_CXX11 binary_function {
C/C++:       |                             ^
C/C++: /usr/local/lib/android/sdk/ndk/28.0.13004108/toolchains/llvm/prebuilt/linux-x86_64/sysroot/usr/include/c++/v1/__config:970:41: note: expanded from macro '_LIBCPP_DEPRECATED_IN_CXX11'
C/C++:   970 | #    define _LIBCPP_DEPRECATED_IN_CXX11 _LIBCPP_DEPRECATED
C/C++:       |                                         ^
C/C++: /usr/local/lib/android/sdk/ndk/28.0.13004108/toolchains/llvm/prebuilt/linux-x86_64/sysroot/usr/include/c++/v1/__config:955:49: note: expanded from macro '_LIBCPP_DEPRECATED'
C/C++:   955 | #      define _LIBCPP_DEPRECATED __attribute__((__deprecated__))
C/C++:       |                                                 ^
C/C++: In file included from /home/runner/work/fcitx5-android/fcitx5-android/lib/libime/src/main/cpp/libime/src/libime/core/kenlm/lm/trie_sort.cc:6:
C/C++: /home/runner/work/fcitx5-android/fcitx5-android/lib/libime/src/main/cpp/libime/src/libime/core/kenlm/lm/vocab.hh:234:40: warning: unused parameter 'word' [-Wunused-parameter]
C/C++:   234 |     void operator()(const StringPiece &word) {}
C/C++:       |                                        ^
C/C++: In file included from /home/runner/work/fcitx5-android/fcitx5-android/lib/libime/src/main/cpp/libime/src/libime/core/kenlm/lm/trie_sort.cc:13:
C/C++: /home/runner/work/fcitx5-android/fcitx5-android/lib/libime/src/main/cpp/libime/src/libime/core/kenlm/lm/../util/sized_iterator.hh:130:86: warning: 'binary_function<const lm::ngram::trie::(anonymous namespace)::PartialViewProxy &, const lm::ngram::trie::(anonymous namespace)::PartialViewProxy &, bool>' is deprecated [-Wdeprecated-declarations]
C/C++:   130 | template <class Delegate, class Proxy = SizedProxy> class SizedCompare : public std::binary_function<const Proxy &, const Proxy &, bool> {
C/C++:       |                                                                                      ^
C/C++: /home/runner/work/fcitx5-android/fcitx5-android/lib/libime/src/main/cpp/libime/src/libime/core/kenlm/lm/trie_sort.cc:104:34: note: in instantiation of template class 'util::SizedCompare<lm::ngram::trie::EntryCompare, lm::ngram::trie::(anonymous namespace)::PartialViewProxy>' requested here
C/C++:   104 |     (context_begin, context_end, util::SizedCompare<EntryCompare, PartialViewProxy>(EntryCompare(order - 1)));
C/C++:       |                                  ^
C/C++: /usr/local/lib/android/sdk/ndk/28.0.13004108/toolchains/llvm/prebuilt/linux-x86_64/sysroot/usr/include/c++/v1/__functional/binary_function.h:24:29: note: 'binary_function<const lm::ngram::trie::(anonymous namespace)::PartialViewProxy &, const lm::ngram::trie::(anonymous namespace)::PartialViewProxy &, bool>' has been explicitly marked deprecated here
C/C++:    24 | struct _LIBCPP_TEMPLATE_VIS _LIBCPP_DEPRECATED_IN_CXX11 binary_function {
C/C++:       |                             ^
C/C++: /usr/local/lib/android/sdk/ndk/28.0.13004108/toolchains/llvm/prebuilt/linux-x86_64/sysroot/usr/include/c++/v1/__config:970:41: note: expanded from macro '_LIBCPP_DEPRECATED_IN_CXX11'
C/C++:   970 | #    define _LIBCPP_DEPRECATED_IN_CXX11 _LIBCPP_DEPRECATED
C/C++:       |                                         ^
C/C++: /usr/local/lib/android/sdk/ndk/28.0.13004108/toolchains/llvm/prebuilt/linux-x86_64/sysroot/usr/include/c++/v1/__config:955:49: note: expanded from macro '_LIBCPP_DEPRECATED'
C/C++:   955 | #      define _LIBCPP_DEPRECATED __attribute__((__deprecated__))
C/C++:       |                                                 ^
C/C++: In file included from /home/runner/work/fcitx5-android/fcitx5-android/lib/libime/src/main/cpp/libime/src/libime/core/kenlm/lm/trie_sort.cc:12:
C/C++: /home/runner/work/fcitx5-android/fcitx5-android/lib/libime/src/main/cpp/libime/src/libime/core/kenlm/lm/../util/proxy_iterator.hh:56:8: warning: definition of implicit copy constructor for 'ProxyIterator<lm::ngram::trie::(anonymous namespace)::PartialViewProxy>' is deprecated because it has a user-provided copy assignment operator [-Wdeprecated-copy-with-user-provided-copy]
C/C++:    56 |     S &operator=(const S &other) {
C/C++:       |        ^
C/C++: /usr/local/lib/android/sdk/ndk/28.0.13004108/toolchains/llvm/prebuilt/linux-x86_64/sysroot/usr/include/c++/v1/__algorithm/sort.h:990:44: note: in implicit copy constructor for 'util::ProxyIterator<lm::ngram::trie::(anonymous namespace)::PartialViewProxy>' first required here
C/C++:   990 |   std::__debug_randomize_range<_AlgPolicy>(__first, __last);
C/C++:       |                                            ^
C/C++: /usr/local/lib/android/sdk/ndk/28.0.13004108/toolchains/llvm/prebuilt/linux-x86_64/sysroot/usr/include/c++/v1/__algorithm/sort.h:1004:8: note: in instantiation of function template specialization 'std::__sort_impl<std::_ClassicAlgPolicy, util::ProxyIterator<lm::ngram::trie::(anonymous namespace)::PartialViewProxy>, util::SizedCompare<lm::ngram::trie::EntryCompare, lm::ngram::trie::(anonymous namespace)::PartialViewProxy>>' requested here
C/C++:  1004 |   std::__sort_impl<_ClassicAlgPolicy>(std::move(__first), std::move(__last), __comp);
C/C++:       |        ^
C/C++: /home/runner/work/fcitx5-android/fcitx5-android/lib/libime/src/main/cpp/libime/src/libime/core/kenlm/lm/trie_sort.cc:102:8: note: in instantiation of function template specialization 'std::sort<util::ProxyIterator<lm::ngram::trie::(anonymous namespace)::PartialViewProxy>, util::SizedCompare<lm::ngram::trie::EntryCompare, lm::ngram::trie::(anonymous namespace)::PartialViewProxy>>' requested here
C/C++:   102 |   std::sort
C/C++:       |        ^
C/C++: /home/runner/work/fcitx5-android/fcitx5-android/lib/libime/src/main/cpp/libime/src/libime/core/kenlm/lm/trie_sort.cc:42:23: warning: definition of implicit copy constructor for 'PartialViewProxy' is deprecated because it has a user-provided copy assignment operator [-Wdeprecated-copy-with-user-provided-copy]
C/C++:    42 |     PartialViewProxy &operator=(const PartialViewProxy &from) {
C/C++:       |                       ^
C/C++: /home/runner/work/fcitx5-android/fcitx5-android/lib/libime/src/main/cpp/libime/src/libime/core/kenlm/lm/../util/proxy_iterator.hh:31:30: note: in implicit copy constructor for 'lm::ngram::trie::(anonymous namespace)::PartialViewProxy' first required here
C/C++:    31 | template <class Proxy> class ProxyIterator {
C/C++:       |                              ^
C/C++: /usr/local/lib/android/sdk/ndk/28.0.13004108/toolchains/llvm/prebuilt/linux-x86_64/sysroot/usr/include/c++/v1/__algorithm/sort.h:990:44: note: in implicit copy constructor for 'util::ProxyIterator<lm::ngram::trie::(anonymous namespace)::PartialViewProxy>' first required here
C/C++:   990 |   std::__debug_randomize_range<_AlgPolicy>(__first, __last);
C/C++:       |                                            ^
C/C++: /usr/local/lib/android/sdk/ndk/28.0.13004108/toolchains/llvm/prebuilt/linux-x86_64/sysroot/usr/include/c++/v1/__algorithm/sort.h:1004:8: note: in instantiation of function template specialization 'std::__sort_impl<std::_ClassicAlgPolicy, util::ProxyIterator<lm::ngram::trie::(anonymous namespace)::PartialViewProxy>, util::SizedCompare<lm::ngram::trie::EntryCompare, lm::ngram::trie::(anonymous namespace)::PartialViewProxy>>' requested here
C/C++:  1004 |   std::__sort_impl<_ClassicAlgPolicy>(std::move(__first), std::move(__last), __comp);
C/C++:       |        ^
C/C++: /home/runner/work/fcitx5-android/fcitx5-android/lib/libime/src/main/cpp/libime/src/libime/core/kenlm/lm/trie_sort.cc:102:8: note: in instantiation of function template specialization 'std::sort<util::ProxyIterator<lm::ngram::trie::(anonymous namespace)::PartialViewProxy>, util::SizedCompare<lm::ngram::trie::EntryCompare, lm::ngram::trie::(anonymous namespace)::PartialViewProxy>>' requested here
C/C++:   102 |   std::sort
C/C++:       |        ^
C/C++: /home/runner/work/fcitx5-android/fcitx5-android/lib/libime/src/main/cpp/libime/src/libime/core/kenlm/lm/trie_sort.cc:124:31: warning: unused parameter 'entry_size' [-Wunused-parameter]
C/C++:   124 |   void operator()(std::size_t entry_size, unsigned char order, const void *first, const void *second, FILE * /*out*/) const {
C/C++:       |                               ^
C/C++: /home/runner/work/fcitx5-android/fcitx5-android/lib/libime/src/main/cpp/libime/src/libime/core/kenlm/lm/trie_sort.cc:124:95: warning: unused parameter 'second' [-Wunused-parameter]
C/C++:   124 |   void operator()(std::size_t entry_size, unsigned char order, const void *first, const void *second, FILE * /*out*/) const {
C/C++:       |                                                                                               ^
C/C++: In file included from /home/runner/work/fcitx5-android/fcitx5-android/lib/libime/src/main/cpp/libime/src/libime/core/kenlm/lm/trie_sort.cc:13:
C/C++: /home/runner/work/fcitx5-android/fcitx5-android/lib/libime/src/main/cpp/libime/src/libime/core/kenlm/lm/../util/sized_iterator.hh:90:17: warning: definition of implicit copy constructor for 'SizedProxy' is deprecated because it has a user-provided copy assignment operator [-Wdeprecated-copy-with-user-provided-copy]
C/C++:    90 |     SizedProxy &operator=(const SizedProxy &from) {
C/C++:       |                 ^
C/C++: /home/runner/work/fcitx5-android/fcitx5-android/lib/libime/src/main/cpp/libime/src/libime/core/kenlm/lm/../util/proxy_iterator.hh:80:38: note: in implicit copy constructor for 'util::SizedProxy' first required here
C/C++:    80 |     Proxy operator*() const { return p_; }
C/C++:       |                                      ^
C/C++: /home/runner/work/fcitx5-android/fcitx5-android/lib/libime/src/main/cpp/libime/src/libime/core/kenlm/lm/../util/sized_iterator.hh:212:14: note: in instantiation of member function 'util::ProxyIterator<util::SizedProxy>::operator*' requested here
C/C++:   212 |   util::swap(*first, *second);
C/C++:       |              ^
C/C++: /home/runner/work/fcitx5-android/fcitx5-android/lib/libime/src/main/cpp/libime/src/libime/core/kenlm/lm/../util/sized_iterator.hh:157:71: warning: 'binary_function<const util::JustPOD<4> &, const util::JustPOD<4> &, bool>' is deprecated [-Wdeprecated-declarations]
C/C++:   157 | template <class Delegate, unsigned Size> class JustPODDelegate : std::binary_function<const JustPOD<Size> &, const JustPOD<Size> &, bool> {
C/C++:       |                                                                       ^
C/C++: /home/runner/work/fcitx5-android/fcitx5-android/lib/libime/src/main/cpp/libime/src/libime/core/kenlm/lm/../util/sized_iterator.hh:175:5: note: in instantiation of template class 'util::JustPODDelegate<lm::ngram::trie::EntryCompare, 4>' requested here
C/C++:   175 |     UTIL_SORT_SPECIALIZE(4);
C/C++:       |     ^
C/C++: /home/runner/work/fcitx5-android/fcitx5-android/lib/libime/src/main/cpp/libime/src/libime/core/kenlm/lm/../util/sized_iterator.hh:169:85: note: expanded from macro 'UTIL_SORT_SPECIALIZE'
C/C++:   169 |     std::sort(static_cast<JustPOD<Size>*>(start), static_cast<JustPOD<Size>*>(end), JustPODDelegate<Compare, Size>(compare)); \
C/C++:       |                                                                                     ^
C/C++: /home/runner/work/fcitx5-android/fcitx5-android/lib/libime/src/main/cpp/libime/src/libime/core/kenlm/lm/trie_sort.cc:282:11: note: in instantiation of function template specialization 'util::SizedSort<lm::ngram::trie::EntryCompare>' requested here
C/C++:   282 |     util::SizedSort(begin, out_end, entry_size, EntryCompare(order));
C/C++:       |           ^
C/C++: /usr/local/lib/android/sdk/ndk/28.0.13004108/toolchains/llvm/prebuilt/linux-x86_64/sysroot/usr/include/c++/v1/__functional/binary_function.h:24:29: note: 'binary_function<const util::JustPOD<4> &, const util::JustPOD<4> &, bool>' has been explicitly marked deprecated here
C/C++:    24 | struct _LIBCPP_TEMPLATE_VIS _LIBCPP_DEPRECATED_IN_CXX11 binary_function {
C/C++:       |                             ^
C/C++: /usr/local/lib/android/sdk/ndk/28.0.13004108/toolchains/llvm/prebuilt/linux-x86_64/sysroot/usr/include/c++/v1/__config:970:41: note: expanded from macro '_LIBCPP_DEPRECATED_IN_CXX11'
C/C++:   970 | #    define _LIBCPP_DEPRECATED_IN_CXX11 _LIBCPP_DEPRECATED
C/C++:       |                                         ^
C/C++: /usr/local/lib/android/sdk/ndk/28.0.13004108/toolchains/llvm/prebuilt/linux-x86_64/sysroot/usr/include/c++/v1/__config:955:49: note: expanded from macro '_LIBCPP_DEPRECATED'
C/C++:   955 | #      define _LIBCPP_DEPRECATED __attribute__((__deprecated__))
C/C++:       |                                                 ^
C/C++: In file included from /home/runner/work/fcitx5-android/fcitx5-android/lib/libime/src/main/cpp/libime/src/libime/core/kenlm/lm/trie_sort.cc:13:
C/C++: /home/runner/work/fcitx5-android/fcitx5-android/lib/libime/src/main/cpp/libime/src/libime/core/kenlm/lm/../util/sized_iterator.hh:157:71: warning: 'binary_function<const util::JustPOD<8> &, const util::JustPOD<8> &, bool>' is deprecated [-Wdeprecated-declarations]
C/C++:   157 | template <class Delegate, unsigned Size> class JustPODDelegate : std::binary_function<const JustPOD<Size> &, const JustPOD<Size> &, bool> {
C/C++:       |                                                                       ^
C/C++: /home/runner/work/fcitx5-android/fcitx5-android/lib/libime/src/main/cpp/libime/src/libime/core/kenlm/lm/../util/sized_iterator.hh:176:5: note: in instantiation of template class 'util::JustPODDelegate<lm::ngram::trie::EntryCompare, 8>' requested here
C/C++:   176 |     UTIL_SORT_SPECIALIZE(8);
C/C++:       |     ^
C/C++: /home/runner/work/fcitx5-android/fcitx5-android/lib/libime/src/main/cpp/libime/src/libime/core/kenlm/lm/../util/sized_iterator.hh:169:85: note: expanded from macro 'UTIL_SORT_SPECIALIZE'
C/C++:   169 |     std::sort(static_cast<JustPOD<Size>*>(start), static_cast<JustPOD<Size>*>(end), JustPODDelegate<Compare, Size>(compare)); \
C/C++:       |                                                                                     ^
C/C++: /home/runner/work/fcitx5-android/fcitx5-android/lib/libime/src/main/cpp/libime/src/libime/core/kenlm/lm/trie_sort.cc:282:11: note: in instantiation of function template specialization 'util::SizedSort<lm::ngram::trie::EntryCompare>' requested here
C/C++:   282 |     util::SizedSort(begin, out_end, entry_size, EntryCompare(order));
C/C++:       |           ^
C/C++: /usr/local/lib/android/sdk/ndk/28.0.13004108/toolchains/llvm/prebuilt/linux-x86_64/sysroot/usr/include/c++/v1/__functional/binary_function.h:24:29: note: 'binary_function<const util::JustPOD<8> &, const util::JustPOD<8> &, bool>' has been explicitly marked deprecated here
C/C++:    24 | struct _LIBCPP_TEMPLATE_VIS _LIBCPP_DEPRECATED_IN_CXX11 binary_function {
C/C++:       |                             ^
C/C++: /usr/local/lib/android/sdk/ndk/28.0.13004108/toolchains/llvm/prebuilt/linux-x86_64/sysroot/usr/include/c++/v1/__config:970:41: note: expanded from macro '_LIBCPP_DEPRECATED_IN_CXX11'
C/C++:   970 | #    define _LIBCPP_DEPRECATED_IN_CXX11 _LIBCPP_DEPRECATED
C/C++:       |                                         ^
C/C++: /usr/local/lib/android/sdk/ndk/28.0.13004108/toolchains/llvm/prebuilt/linux-x86_64/sysroot/usr/include/c++/v1/__config:955:49: note: expanded from macro '_LIBCPP_DEPRECATED'
C/C++:   955 | #      define _LIBCPP_DEPRECATED __attribute__((__deprecated__))
C/C++:       |                                                 ^
C/C++: In file included from /home/runner/work/fcitx5-android/fcitx5-android/lib/libime/src/main/cpp/libime/src/libime/core/kenlm/lm/trie_sort.cc:13:
C/C++: /home/runner/work/fcitx5-android/fcitx5-android/lib/libime/src/main/cpp/libime/src/libime/core/kenlm/lm/../util/sized_iterator.hh:157:71: warning: 'binary_function<const util::JustPOD<12> &, const util::JustPOD<12> &, bool>' is deprecated [-Wdeprecated-declarations]
C/C++:   157 | template <class Delegate, unsigned Size> class JustPODDelegate : std::binary_function<const JustPOD<Size> &, const JustPOD<Size> &, bool> {
C/C++:       |                                                                       ^
C/C++: /home/runner/work/fcitx5-android/fcitx5-android/lib/libime/src/main/cpp/libime/src/libime/core/kenlm/lm/../util/sized_iterator.hh:177:5: note: in instantiation of template class 'util::JustPODDelegate<lm::ngram::trie::EntryCompare, 12>' requested here
C/C++:   177 |     UTIL_SORT_SPECIALIZE(12);
C/C++:       |     ^
C/C++: /home/runner/work/fcitx5-android/fcitx5-android/lib/libime/src/main/cpp/libime/src/libime/core/kenlm/lm/../util/sized_iterator.hh:169:85: note: expanded from macro 'UTIL_SORT_SPECIALIZE'
C/C++:   169 |     std::sort(static_cast<JustPOD<Size>*>(start), static_cast<JustPOD<Size>*>(end), JustPODDelegate<Compare, Size>(compare)); \
C/C++:       |                                                                                     ^
C/C++: /home/runner/work/fcitx5-android/fcitx5-android/lib/libime/src/main/cpp/libime/src/libime/core/kenlm/lm/trie_sort.cc:282:11: note: in instantiation of function template specialization 'util::SizedSort<lm::ngram::trie::EntryCompare>' requested here
C/C++:   282 |     util::SizedSort(begin, out_end, entry_size, EntryCompare(order));
C/C++:       |           ^
C/C++: /usr/local/lib/android/sdk/ndk/28.0.13004108/toolchains/llvm/prebuilt/linux-x86_64/sysroot/usr/include/c++/v1/__functional/binary_function.h:24:29: note: 'binary_function<const util::JustPOD<12> &, const util::JustPOD<12> &, bool>' has been explicitly marked deprecated here
C/C++:    24 | struct _LIBCPP_TEMPLATE_VIS _LIBCPP_DEPRECATED_IN_CXX11 binary_function {
C/C++:       |                             ^
C/C++: /usr/local/lib/android/sdk/ndk/28.0.13004108/toolchains/llvm/prebuilt/linux-x86_64/sysroot/usr/include/c++/v1/__config:970:41: note: expanded from macro '_LIBCPP_DEPRECATED_IN_CXX11'
C/C++:   970 | #    define _LIBCPP_DEPRECATED_IN_CXX11 _LIBCPP_DEPRECATED
C/C++:       |                                         ^
C/C++: /usr/local/lib/android/sdk/ndk/28.0.13004108/toolchains/llvm/prebuilt/linux-x86_64/sysroot/usr/include/c++/v1/__config:955:49: note: expanded from macro '_LIBCPP_DEPRECATED'
C/C++:   955 | #      define _LIBCPP_DEPRECATED __attribute__((__deprecated__))
C/C++:       |                                                 ^
C/C++: In file included from /home/runner/work/fcitx5-android/fcitx5-android/lib/libime/src/main/cpp/libime/src/libime/core/kenlm/lm/trie_sort.cc:13:
C/C++: /home/runner/work/fcitx5-android/fcitx5-android/lib/libime/src/main/cpp/libime/src/libime/core/kenlm/lm/../util/sized_iterator.hh:157:71: warning: 'binary_function<const util::JustPOD<16> &, const util::JustPOD<16> &, bool>' is deprecated [-Wdeprecated-declarations]
C/C++:   157 | template <class Delegate, unsigned Size> class JustPODDelegate : std::binary_function<const JustPOD<Size> &, const JustPOD<Size> &, bool> {
C/C++:       |                                                                       ^
C/C++: /home/runner/work/fcitx5-android/fcitx5-android/lib/libime/src/main/cpp/libime/src/libime/core/kenlm/lm/../util/sized_iterator.hh:178:5: note: in instantiation of template class 'util::JustPODDelegate<lm::ngram::trie::EntryCompare, 16>' requested here
C/C++:   178 |     UTIL_SORT_SPECIALIZE(16);
C/C++:       |     ^
C/C++: /home/runner/work/fcitx5-android/fcitx5-android/lib/libime/src/main/cpp/libime/src/libime/core/kenlm/lm/../util/sized_iterator.hh:169:85: note: expanded from macro 'UTIL_SORT_SPECIALIZE'
C/C++:   169 |     std::sort(static_cast<JustPOD<Size>*>(start), static_cast<JustPOD<Size>*>(end), JustPODDelegate<Compare, Size>(compare)); \
C/C++:       |                                                                                     ^
C/C++: /home/runner/work/fcitx5-android/fcitx5-android/lib/libime/src/main/cpp/libime/src/libime/core/kenlm/lm/trie_sort.cc:282:11: note: in instantiation of function template specialization 'util::SizedSort<lm::ngram::trie::EntryCompare>' requested here
C/C++:   282 |     util::SizedSort(begin, out_end, entry_size, EntryCompare(order));
C/C++:       |           ^
C/C++: /usr/local/lib/android/sdk/ndk/28.0.13004108/toolchains/llvm/prebuilt/linux-x86_64/sysroot/usr/include/c++/v1/__functional/binary_function.h:24:29: note: 'binary_function<const util::JustPOD<16> &, const util::JustPOD<16> &, bool>' has been explicitly marked deprecated here
C/C++:    24 | struct _LIBCPP_TEMPLATE_VIS _LIBCPP_DEPRECATED_IN_CXX11 binary_function {
C/C++:       |                             ^
C/C++: /usr/local/lib/android/sdk/ndk/28.0.13004108/toolchains/llvm/prebuilt/linux-x86_64/sysroot/usr/include/c++/v1/__config:970:41: note: expanded from macro '_LIBCPP_DEPRECATED_IN_CXX11'
C/C++:   970 | #    define _LIBCPP_DEPRECATED_IN_CXX11 _LIBCPP_DEPRECATED
C/C++:       |                                         ^
C/C++: /usr/local/lib/android/sdk/ndk/28.0.13004108/toolchains/llvm/prebuilt/linux-x86_64/sysroot/usr/include/c++/v1/__config:955:49: note: expanded from macro '_LIBCPP_DEPRECATED'
C/C++:   955 | #      define _LIBCPP_DEPRECATED __attribute__((__deprecated__))
C/C++:       |                                                 ^
C/C++: In file included from /home/runner/work/fcitx5-android/fcitx5-android/lib/libime/src/main/cpp/libime/src/libime/core/kenlm/lm/trie_sort.cc:13:
C/C++: /home/runner/work/fcitx5-android/fcitx5-android/lib/libime/src/main/cpp/libime/src/libime/core/kenlm/lm/../util/sized_iterator.hh:157:71: warning: 'binary_function<const util::JustPOD<17> &, const util::JustPOD<17> &, bool>' is deprecated [-Wdeprecated-declarations]
C/C++:   157 | template <class Delegate, unsigned Size> class JustPODDelegate : std::binary_function<const JustPOD<Size> &, const JustPOD<Size> &, bool> {
C/C++:       |                                                                       ^
C/C++: /home/runner/work/fcitx5-android/fcitx5-android/lib/libime/src/main/cpp/libime/src/libime/core/kenlm/lm/../util/sized_iterator.hh:179:5: note: in instantiation of template class 'util::JustPODDelegate<lm::ngram::trie::EntryCompare, 17>' requested here
C/C++:   179 |     UTIL_SORT_SPECIALIZE(17); // This is used by interpolation.
C/C++:       |     ^
C/C++: /home/runner/work/fcitx5-android/fcitx5-android/lib/libime/src/main/cpp/libime/src/libime/core/kenlm/lm/../util/sized_iterator.hh:169:85: note: expanded from macro 'UTIL_SORT_SPECIALIZE'
C/C++:   169 |     std::sort(static_cast<JustPOD<Size>*>(start), static_cast<JustPOD<Size>*>(end), JustPODDelegate<Compare, Size>(compare)); \
C/C++:       |                                                                                     ^
C/C++: /home/runner/work/fcitx5-android/fcitx5-android/lib/libime/src/main/cpp/libime/src/libime/core/kenlm/lm/trie_sort.cc:282:11: note: in instantiation of function template specialization 'util::SizedSort<lm::ngram::trie::EntryCompare>' requested here
C/C++:   282 |     util::SizedSort(begin, out_end, entry_size, EntryCompare(order));
C/C++:       |           ^
C/C++: /usr/local/lib/android/sdk/ndk/28.0.13004108/toolchains/llvm/prebuilt/linux-x86_64/sysroot/usr/include/c++/v1/__functional/binary_function.h:24:29: note: 'binary_function<const util::JustPOD<17> &, const util::JustPOD<17> &, bool>' has been explicitly marked deprecated here
C/C++:    24 | struct _LIBCPP_TEMPLATE_VIS _LIBCPP_DEPRECATED_IN_CXX11 binary_function {
C/C++:       |                             ^
C/C++: /usr/local/lib/android/sdk/ndk/28.0.13004108/toolchains/llvm/prebuilt/linux-x86_64/sysroot/usr/include/c++/v1/__config:970:41: note: expanded from macro '_LIBCPP_DEPRECATED_IN_CXX11'
C/C++:   970 | #    define _LIBCPP_DEPRECATED_IN_CXX11 _LIBCPP_DEPRECATED
C/C++:       |                                         ^
C/C++: /usr/local/lib/android/sdk/ndk/28.0.13004108/toolchains/llvm/prebuilt/linux-x86_64/sysroot/usr/include/c++/v1/__config:955:49: note: expanded from macro '_LIBCPP_DEPRECATED'
C/C++:   955 | #      define _LIBCPP_DEPRECATED __attribute__((__deprecated__))
C/C++:       |                                                 ^
C/C++: In file included from /home/runner/work/fcitx5-android/fcitx5-android/lib/libime/src/main/cpp/libime/src/libime/core/kenlm/lm/trie_sort.cc:13:
C/C++: /home/runner/work/fcitx5-android/fcitx5-android/lib/libime/src/main/cpp/libime/src/libime/core/kenlm/lm/../util/sized_iterator.hh:157:71: warning: 'binary_function<const util::JustPOD<20> &, const util::JustPOD<20> &, bool>' is deprecated [-Wdeprecated-declarations]
C/C++:   157 | template <class Delegate, unsigned Size> class JustPODDelegate : std::binary_function<const JustPOD<Size> &, const JustPOD<Size> &, bool> {
C/C++:       |                                                                       ^
C/C++: /home/runner/work/fcitx5-android/fcitx5-android/lib/libime/src/main/cpp/libime/src/libime/core/kenlm/lm/../util/sized_iterator.hh:180:5: note: in instantiation of template class 'util::JustPODDelegate<lm::ngram::trie::EntryCompare, 20>' requested here
C/C++:   180 |     UTIL_SORT_SPECIALIZE(20);
C/C++:       |     ^
C/C++: /home/runner/work/fcitx5-android/fcitx5-android/lib/libime/src/main/cpp/libime/src/libime/core/kenlm/lm/../util/sized_iterator.hh:169:85: note: expanded from macro 'UTIL_SORT_SPECIALIZE'
C/C++:   169 |     std::sort(static_cast<JustPOD<Size>*>(start), static_cast<JustPOD<Size>*>(end), JustPODDelegate<Compare, Size>(compare)); \
C/C++:       |                                                                                     ^
C/C++: /home/runner/work/fcitx5-android/fcitx5-android/lib/libime/src/main/cpp/libime/src/libime/core/kenlm/lm/trie_sort.cc:282:11: note: in instantiation of function template specialization 'util::SizedSort<lm::ngram::trie::EntryCompare>' requested here
C/C++:   282 |     util::SizedSort(begin, out_end, entry_size, EntryCompare(order));
C/C++:       |           ^
C/C++: /usr/local/lib/android/sdk/ndk/28.0.13004108/toolchains/llvm/prebuilt/linux-x86_64/sysroot/usr/include/c++/v1/__functional/binary_function.h:24:29: note: 'binary_function<const util::JustPOD<20> &, const util::JustPOD<20> &, bool>' has been explicitly marked deprecated here
C/C++:    24 | struct _LIBCPP_TEMPLATE_VIS _LIBCPP_DEPRECATED_IN_CXX11 binary_function {
C/C++:       |                             ^
C/C++: /usr/local/lib/android/sdk/ndk/28.0.13004108/toolchains/llvm/prebuilt/linux-x86_64/sysroot/usr/include/c++/v1/__config:970:41: note: expanded from macro '_LIBCPP_DEPRECATED_IN_CXX11'
C/C++:   970 | #    define _LIBCPP_DEPRECATED_IN_CXX11 _LIBCPP_DEPRECATED
C/C++:       |                                         ^
C/C++: /usr/local/lib/android/sdk/ndk/28.0.13004108/toolchains/llvm/prebuilt/linux-x86_64/sysroot/usr/include/c++/v1/__config:955:49: note: expanded from macro '_LIBCPP_DEPRECATED'
C/C++:   955 | #      define _LIBCPP_DEPRECATED __attribute__((__deprecated__))
C/C++:       |                                                 ^
C/C++: In file included from /home/runner/work/fcitx5-android/fcitx5-android/lib/libime/src/main/cpp/libime/src/libime/core/kenlm/lm/trie_sort.cc:13:
C/C++: /home/runner/work/fcitx5-android/fcitx5-android/lib/libime/src/main/cpp/libime/src/libime/core/kenlm/lm/../util/sized_iterator.hh:157:71: warning: 'binary_function<const util::JustPOD<24> &, const util::JustPOD<24> &, bool>' is deprecated [-Wdeprecated-declarations]
C/C++:   157 | template <class Delegate, unsigned Size> class JustPODDelegate : std::binary_function<const JustPOD<Size> &, const JustPOD<Size> &, bool> {
C/C++:       |                                                                       ^
C/C++: /home/runner/work/fcitx5-android/fcitx5-android/lib/libime/src/main/cpp/libime/src/libime/core/kenlm/lm/../util/sized_iterator.hh:181:5: note: in instantiation of template class 'util::JustPODDelegate<lm::ngram::trie::EntryCompare, 24>' requested here
C/C++:   181 |     UTIL_SORT_SPECIALIZE(24);
C/C++:       |     ^
C/C++: /home/runner/work/fcitx5-android/fcitx5-android/lib/libime/src/main/cpp/libime/src/libime/core/kenlm/lm/../util/sized_iterator.hh:169:85: note: expanded from macro 'UTIL_SORT_SPECIALIZE'
C/C++:   169 |     std::sort(static_cast<JustPOD<Size>*>(start), static_cast<JustPOD<Size>*>(end), JustPODDelegate<Compare, Size>(compare)); \
C/C++:       |                                                                                     ^
C/C++: /home/runner/work/fcitx5-android/fcitx5-android/lib/libime/src/main/cpp/libime/src/libime/core/kenlm/lm/trie_sort.cc:282:11: note: in instantiation of function template specialization 'util::SizedSort<lm::ngram::trie::EntryCompare>' requested here
C/C++:   282 |     util::SizedSort(begin, out_end, entry_size, EntryCompare(order));
C/C++:       |           ^
C/C++: /usr/local/lib/android/sdk/ndk/28.0.13004108/toolchains/llvm/prebuilt/linux-x86_64/sysroot/usr/include/c++/v1/__functional/binary_function.h:24:29: note: 'binary_function<const util::JustPOD<24> &, const util::JustPOD<24> &, bool>' has been explicitly marked deprecated here
C/C++:    24 | struct _LIBCPP_TEMPLATE_VIS _LIBCPP_DEPRECATED_IN_CXX11 binary_function {
C/C++:       |                             ^
C/C++: /usr/local/lib/android/sdk/ndk/28.0.13004108/toolchains/llvm/prebuilt/linux-x86_64/sysroot/usr/include/c++/v1/__config:970:41: note: expanded from macro '_LIBCPP_DEPRECATED_IN_CXX11'
C/C++:   970 | #    define _LIBCPP_DEPRECATED_IN_CXX11 _LIBCPP_DEPRECATED
C/C++:       |                                         ^
C/C++: /usr/local/lib/android/sdk/ndk/28.0.13004108/toolchains/llvm/prebuilt/linux-x86_64/sysroot/usr/include/c++/v1/__config:955:49: note: expanded from macro '_LIBCPP_DEPRECATED'
C/C++:   955 | #      define _LIBCPP_DEPRECATED __attribute__((__deprecated__))
C/C++:       |                                                 ^
C/C++: In file included from /home/runner/work/fcitx5-android/fcitx5-android/lib/libime/src/main/cpp/libime/src/libime/core/kenlm/lm/trie_sort.cc:13:
C/C++: /home/runner/work/fcitx5-android/fcitx5-android/lib/libime/src/main/cpp/libime/src/libime/core/kenlm/lm/../util/sized_iterator.hh:157:71: warning: 'binary_function<const util::JustPOD<28> &, const util::JustPOD<28> &, bool>' is deprecated [-Wdeprecated-declarations]
C/C++:   157 | template <class Delegate, unsigned Size> class JustPODDelegate : std::binary_function<const JustPOD<Size> &, const JustPOD<Size> &, bool> {
C/C++:       |                                                                       ^
C/C++: /home/runner/work/fcitx5-android/fcitx5-android/lib/libime/src/main/cpp/libime/src/libime/core/kenlm/lm/../util/sized_iterator.hh:182:5: note: in instantiation of template class 'util::JustPODDelegate<lm::ngram::trie::EntryCompare, 28>' requested here
C/C++:   182 |     UTIL_SORT_SPECIALIZE(28);
C/C++:       |     ^
C/C++: /home/runner/work/fcitx5-android/fcitx5-android/lib/libime/src/main/cpp/libime/src/libime/core/kenlm/lm/../util/sized_iterator.hh:169:85: note: expanded from macro 'UTIL_SORT_SPECIALIZE'
C/C++:   169 |     std::sort(static_cast<JustPOD<Size>*>(start), static_cast<JustPOD<Size>*>(end), JustPODDelegate<Compare, Size>(compare)); \
C/C++:       |                                                                                     ^
C/C++: /home/runner/work/fcitx5-android/fcitx5-android/lib/libime/src/main/cpp/libime/src/libime/core/kenlm/lm/trie_sort.cc:282:11: note: in instantiation of function template specialization 'util::SizedSort<lm::ngram::trie::EntryCompare>' requested here
C/C++:   282 |     util::SizedSort(begin, out_end, entry_size, EntryCompare(order));
C/C++:       |           ^
C/C++: /usr/local/lib/android/sdk/ndk/28.0.13004108/toolchains/llvm/prebuilt/linux-x86_64/sysroot/usr/include/c++/v1/__functional/binary_function.h:24:29: note: 'binary_function<const util::JustPOD<28> &, const util::JustPOD<28> &, bool>' has been explicitly marked deprecated here
C/C++:    24 | struct _LIBCPP_TEMPLATE_VIS _LIBCPP_DEPRECATED_IN_CXX11 binary_function {
C/C++:       |                             ^
C/C++: /usr/local/lib/android/sdk/ndk/28.0.13004108/toolchains/llvm/prebuilt/linux-x86_64/sysroot/usr/include/c++/v1/__config:970:41: note: expanded from macro '_LIBCPP_DEPRECATED_IN_CXX11'
C/C++:   970 | #    define _LIBCPP_DEPRECATED_IN_CXX11 _LIBCPP_DEPRECATED
C/C++:       |                                         ^
C/C++: /usr/local/lib/android/sdk/ndk/28.0.13004108/toolchains/llvm/prebuilt/linux-x86_64/sysroot/usr/include/c++/v1/__config:955:49: note: expanded from macro '_LIBCPP_DEPRECATED'
C/C++:   955 | #      define _LIBCPP_DEPRECATED __attribute__((__deprecated__))
C/C++:       |                                                 ^
C/C++: In file included from /home/runner/work/fcitx5-android/fcitx5-android/lib/libime/src/main/cpp/libime/src/libime/core/kenlm/lm/trie_sort.cc:13:
C/C++: /home/runner/work/fcitx5-android/fcitx5-android/lib/libime/src/main/cpp/libime/src/libime/core/kenlm/lm/../util/sized_iterator.hh:157:71: warning: 'binary_function<const util::JustPOD<32> &, const util::JustPOD<32> &, bool>' is deprecated [-Wdeprecated-declarations]
C/C++:   157 | template <class Delegate, unsigned Size> class JustPODDelegate : std::binary_function<const JustPOD<Size> &, const JustPOD<Size> &, bool> {
C/C++:       |                                                                       ^
C/C++: /home/runner/work/fcitx5-android/fcitx5-android/lib/libime/src/main/cpp/libime/src/libime/core/kenlm/lm/../util/sized_iterator.hh:183:5: note: in instantiation of template class 'util::JustPODDelegate<lm::ngram::trie::EntryCompare, 32>' requested here
C/C++:   183 |     UTIL_SORT_SPECIALIZE(32);
C/C++:       |     ^
C/C++: /home/runner/work/fcitx5-android/fcitx5-android/lib/libime/src/main/cpp/libime/src/libime/core/kenlm/lm/../util/sized_iterator.hh:169:85: note: expanded from macro 'UTIL_SORT_SPECIALIZE'
C/C++:   169 |     std::sort(static_cast<JustPOD<Size>*>(start), static_cast<JustPOD<Size>*>(end), JustPODDelegate<Compare, Size>(compare)); \
C/C++:       |                                                                                     ^
C/C++: /home/runner/work/fcitx5-android/fcitx5-android/lib/libime/src/main/cpp/libime/src/libime/core/kenlm/lm/trie_sort.cc:282:11: note: in instantiation of function template specialization 'util::SizedSort<lm::ngram::trie::EntryCompare>' requested here
C/C++:   282 |     util::SizedSort(begin, out_end, entry_size, EntryCompare(order));
C/C++:       |           ^
C/C++: /usr/local/lib/android/sdk/ndk/28.0.13004108/toolchains/llvm/prebuilt/linux-x86_64/sysroot/usr/include/c++/v1/__functional/binary_function.h:24:29: note: 'binary_function<const util::JustPOD<32> &, const util::JustPOD<32> &, bool>' has been explicitly marked deprecated here
C/C++:    24 | struct _LIBCPP_TEMPLATE_VIS _LIBCPP_DEPRECATED_IN_CXX11 binary_function {
C/C++:       |                             ^
C/C++: /usr/local/lib/android/sdk/ndk/28.0.13004108/toolchains/llvm/prebuilt/linux-x86_64/sysroot/usr/include/c++/v1/__config:970:41: note: expanded from macro '_LIBCPP_DEPRECATED_IN_CXX11'
C/C++:   970 | #    define _LIBCPP_DEPRECATED_IN_CXX11 _LIBCPP_DEPRECATED
C/C++:       |                                         ^
C/C++: /usr/local/lib/android/sdk/ndk/28.0.13004108/toolchains/llvm/prebuilt/linux-x86_64/sysroot/usr/include/c++/v1/__config:955:49: note: expanded from macro '_LIBCPP_DEPRECATED'
C/C++:   955 | #      define _LIBCPP_DEPRECATED __attribute__((__deprecated__))
C/C++:       |                                                 ^
C/C++: In file included from /home/runner/work/fcitx5-android/fcitx5-android/lib/libime/src/main/cpp/libime/src/libime/core/kenlm/lm/trie_sort.cc:13:
C/C++: /home/runner/work/fcitx5-android/fcitx5-android/lib/libime/src/main/cpp/libime/src/libime/core/kenlm/lm/../util/sized_iterator.hh:130:86: warning: 'binary_function<const util::SizedProxy &, const util::SizedProxy &, bool>' is deprecated [-Wdeprecated-declarations]
C/C++:   130 | template <class Delegate, class Proxy = SizedProxy> class SizedCompare : public std::binary_function<const Proxy &, const Proxy &, bool> {
C/C++:       |                                                                                      ^
C/C++: /home/runner/work/fcitx5-android/fcitx5-android/lib/libime/src/main/cpp/libime/src/libime/core/kenlm/lm/../util/sized_iterator.hh:202:90: note: in instantiation of template class 'util::SizedCompare<lm::ngram::trie::EntryCompare>' requested here
C/C++:   202 |           (SizedIterator(SizedProxy(start, pool)), SizedIterator(SizedProxy(end, pool)), SizedCompare<Compare>(compare));
C/C++:       |                                                                                          ^
C/C++: /home/runner/work/fcitx5-android/fcitx5-android/lib/libime/src/main/cpp/libime/src/libime/core/kenlm/lm/trie_sort.cc:282:11: note: in instantiation of function template specialization 'util::SizedSort<lm::ngram::trie::EntryCompare>' requested here
C/C++:   282 |     util::SizedSort(begin, out_end, entry_size, EntryCompare(order));
C/C++:       |           ^
C/C++: /usr/local/lib/android/sdk/ndk/28.0.13004108/toolchains/llvm/prebuilt/linux-x86_64/sysroot/usr/include/c++/v1/__functional/binary_function.h:24:29: note: 'binary_function<const util::SizedProxy &, const util::SizedProxy &, bool>' has been explicitly marked deprecated here
C/C++:    24 | struct _LIBCPP_TEMPLATE_VIS _LIBCPP_DEPRECATED_IN_CXX11 binary_function {
C/C++:       |                             ^
C/C++: /usr/local/lib/android/sdk/ndk/28.0.13004108/toolchains/llvm/prebuilt/linux-x86_64/sysroot/usr/include/c++/v1/__config:970:41: note: expanded from macro '_LIBCPP_DEPRECATED_IN_CXX11'
C/C++:   970 | #    define _LIBCPP_DEPRECATED_IN_CXX11 _LIBCPP_DEPRECATED
C/C++:       |                                         ^
C/C++: /usr/local/lib/android/sdk/ndk/28.0.13004108/toolchains/llvm/prebuilt/linux-x86_64/sysroot/usr/include/c++/v1/__config:955:49: note: expanded from macro '_LIBCPP_DEPRECATED'
C/C++:   955 | #      define _LIBCPP_DEPRECATED __attribute__((__deprecated__))
C/C++:       |                                                 ^
C/C++: In file included from /home/runner/work/fcitx5-android/fcitx5-android/lib/libime/src/main/cpp/libime/src/libime/core/kenlm/lm/trie_sort.cc:12:
C/C++: /home/runner/work/fcitx5-android/fcitx5-android/lib/libime/src/main/cpp/libime/src/libime/core/kenlm/lm/../util/proxy_iterator.hh:56:8: warning: definition of implicit copy constructor for 'ProxyIterator<util::SizedProxy>' is deprecated because it has a user-provided copy assignment operator [-Wdeprecated-copy-with-user-provided-copy]
C/C++:    56 |     S &operator=(const S &other) {
C/C++:       |        ^
C/C++: /usr/local/lib/android/sdk/ndk/28.0.13004108/toolchains/llvm/prebuilt/linux-x86_64/sysroot/usr/include/c++/v1/__algorithm/sort.h:990:44: note: in implicit copy constructor for 'util::ProxyIterator<util::SizedProxy>' first required here
C/C++:   990 |   std::__debug_randomize_range<_AlgPolicy>(__first, __last);
C/C++:       |                                            ^
C/C++: /usr/local/lib/android/sdk/ndk/28.0.13004108/toolchains/llvm/prebuilt/linux-x86_64/sysroot/usr/include/c++/v1/__algorithm/sort.h:1004:8: note: in instantiation of function template specialization 'std::__sort_impl<std::_ClassicAlgPolicy, util::ProxyIterator<util::SizedProxy>, util::SizedCompare<lm::ngram::trie::EntryCompare>>' requested here
C/C++:  1004 |   std::__sort_impl<_ClassicAlgPolicy>(std::move(__first), std::move(__last), __comp);
C/C++:       |        ^
C/C++: /home/runner/work/fcitx5-android/fcitx5-android/lib/libime/src/main/cpp/libime/src/libime/core/kenlm/lm/../util/sized_iterator.hh:200:14: note: in instantiation of function template specialization 'std::sort<util::ProxyIterator<util::SizedProxy>, util::SizedCompare<lm::ngram::trie::EntryCompare>>' requested here
C/C++:   200 |         std::sort
C/C++:       |              ^
C/C++: /home/runner/work/fcitx5-android/fcitx5-android/lib/libime/src/main/cpp/libime/src/libime/core/kenlm/lm/trie_sort.cc:282:11: note: in instantiation of function template specialization 'util::SizedSort<lm::ngram::trie::EntryCompare>' requested here
C/C++:   282 |     util::SizedSort(begin, out_end, entry_size, EntryCompare(order));
C/C++:       |           ^
C/C++: 19 warnings generated.
C/C++: In file included from /home/runner/work/fcitx5-android/fcitx5-android/lib/libime/src/main/cpp/libime/src/libime/core/languagemodel.cpp:30:
C/C++: In file included from /home/runner/work/fcitx5-android/fcitx5-android/lib/libime/src/main/cpp/libime/src/libime/core/kenlm/lm/model.hh:9:
C/C++: /home/runner/work/fcitx5-android/fcitx5-android/lib/libime/src/main/cpp/libime/src/libime/core/kenlm/lm/search_hashed.hh:149:39: warning: unused parameter 'count' [-Wunused-parameter]
C/C++:   149 |         Unigram(void *start, uint64_t count) :
C/C++:       |                                       ^
C/C++: In file included from /home/runner/work/fcitx5-android/fcitx5-android/lib/libime/src/main/cpp/libime/src/libime/core/languagemodel.cpp:30:
C/C++: In file included from /home/runner/work/fcitx5-android/fcitx5-android/lib/libime/src/main/cpp/libime/src/libime/core/kenlm/lm/model.hh:13:
C/C++: /home/runner/work/fcitx5-android/fcitx5-android/lib/libime/src/main/cpp/libime/src/libime/core/kenlm/lm/vocab.hh:234:40: warning: unused parameter 'word' [-Wunused-parameter]
C/C++:   234 |     void operator()(const StringPiece &word) {}
C/C++:       |                                        ^
C/C++: 2 warnings generated.

> Task :lib:libime:configureCMakeRelWithDebInfo[x86]
C/C++: pkg_check_modules: ZSTD;REQUIRED;IMPORTED_TARGET;libzstd

> Task :lib:libime:buildCMakeRelWithDebInfo[x86][IMECore,IMEPinyin,etc]
C/C++: ninja: Entering directory `/home/runner/work/fcitx5-android/fcitx5-android/lib/libime/.cxx/RelWithDebInfo/6c4k5h6d/x86'
C/C++: In file included from /home/runner/work/fcitx5-android/fcitx5-android/lib/libime/src/main/cpp/libime/src/libime/core/kenlm/lm/model.cc:1:
C/C++: In file included from /home/runner/work/fcitx5-android/fcitx5-android/lib/libime/src/main/cpp/libime/src/libime/core/kenlm/lm/model.hh:9:
C/C++: /home/runner/work/fcitx5-android/fcitx5-android/lib/libime/src/main/cpp/libime/src/libime/core/kenlm/lm/search_hashed.hh:149:39: warning: unused parameter 'count' [-Wunused-parameter]
C/C++:   149 |         Unigram(void *start, uint64_t count) :
C/C++:       |                                       ^
C/C++: In file included from /home/runner/work/fcitx5-android/fcitx5-android/lib/libime/src/main/cpp/libime/src/libime/core/kenlm/lm/model.cc:1:
C/C++: In file included from /home/runner/work/fcitx5-android/fcitx5-android/lib/libime/src/main/cpp/libime/src/libime/core/kenlm/lm/model.hh:13:
C/C++: /home/runner/work/fcitx5-android/fcitx5-android/lib/libime/src/main/cpp/libime/src/libime/core/kenlm/lm/vocab.hh:234:40: warning: unused parameter 'word' [-Wunused-parameter]
C/C++:   234 |     void operator()(const StringPiece &word) {}
C/C++:       |                                        ^
C/C++: 2 warnings generated.
C/C++: In file included from /home/runner/work/fcitx5-android/fcitx5-android/lib/libime/src/main/cpp/libime/src/libime/core/kenlm/lm/sizes.cc:2:
C/C++: In file included from /home/runner/work/fcitx5-android/fcitx5-android/lib/libime/src/main/cpp/libime/src/libime/core/kenlm/lm/model.hh:9:
C/C++: /home/runner/work/fcitx5-android/fcitx5-android/lib/libime/src/main/cpp/libime/src/libime/core/kenlm/lm/search_hashed.hh:149:39: warning: unused parameter 'count' [-Wunused-parameter]
C/C++:   149 |         Unigram(void *start, uint64_t count) :
C/C++:       |                                       ^
C/C++: In file included from /home/runner/work/fcitx5-android/fcitx5-android/lib/libime/src/main/cpp/libime/src/libime/core/kenlm/lm/sizes.cc:2:
C/C++: In file included from /home/runner/work/fcitx5-android/fcitx5-android/lib/libime/src/main/cpp/libime/src/libime/core/kenlm/lm/model.hh:13:
C/C++: /home/runner/work/fcitx5-android/fcitx5-android/lib/libime/src/main/cpp/libime/src/libime/core/kenlm/lm/vocab.hh:234:40: warning: unused parameter 'word' [-Wunused-parameter]
C/C++:   234 |     void operator()(const StringPiece &word) {}
C/C++:       |                                        ^
C/C++: 2 warnings generated.
C/C++: In file included from /home/runner/work/fcitx5-android/fcitx5-android/lib/libime/src/main/cpp/libime/src/libime/core/kenlm/lm/value_build.cc:3:
C/C++: In file included from /home/runner/work/fcitx5-android/fcitx5-android/lib/libime/src/main/cpp/libime/src/libime/core/kenlm/lm/model.hh:9:
C/C++: /home/runner/work/fcitx5-android/fcitx5-android/lib/libime/src/main/cpp/libime/src/libime/core/kenlm/lm/search_hashed.hh:149:39: warning: unused parameter 'count' [-Wunused-parameter]
C/C++:   149 |         Unigram(void *start, uint64_t count) :
C/C++:       |                                       ^
C/C++: In file included from /home/runner/work/fcitx5-android/fcitx5-android/lib/libime/src/main/cpp/libime/src/libime/core/kenlm/lm/value_build.cc:3:
C/C++: In file included from /home/runner/work/fcitx5-android/fcitx5-android/lib/libime/src/main/cpp/libime/src/libime/core/kenlm/lm/model.hh:13:
C/C++: /home/runner/work/fcitx5-android/fcitx5-android/lib/libime/src/main/cpp/libime/src/libime/core/kenlm/lm/vocab.hh:234:40: warning: unused parameter 'word' [-Wunused-parameter]
C/C++:   234 |     void operator()(const StringPiece &word) {}
C/C++:       |                                        ^
C/C++: 2 warnings generated.
C/C++: In file included from /home/runner/work/fcitx5-android/fcitx5-android/lib/libime/src/main/cpp/libime/src/libime/core/kenlm/lm/search_hashed.cc:1:
C/C++: /home/runner/work/fcitx5-android/fcitx5-android/lib/libime/src/main/cpp/libime/src/libime/core/kenlm/lm/search_hashed.hh:149:39: warning: unused parameter 'count' [-Wunused-parameter]
C/C++:   149 |         Unigram(void *start, uint64_t count) :
C/C++:       |                                       ^
C/C++: In file included from /home/runner/work/fcitx5-android/fcitx5-android/lib/libime/src/main/cpp/libime/src/libime/core/kenlm/lm/search_hashed.cc:6:
C/C++: In file included from /home/runner/work/fcitx5-android/fcitx5-android/lib/libime/src/main/cpp/libime/src/libime/core/kenlm/lm/model.hh:13:
C/C++: /home/runner/work/fcitx5-android/fcitx5-android/lib/libime/src/main/cpp/libime/src/libime/core/kenlm/lm/vocab.hh:234:40: warning: unused parameter 'word' [-Wunused-parameter]
C/C++:   234 |     void operator()(const StringPiece &word) {}
C/C++:       |                                        ^
C/C++: /home/runner/work/fcitx5-android/fcitx5-android/lib/libime/src/main/cpp/libime/src/libime/core/kenlm/lm/search_hashed.cc:244:131: warning: unused parameter 'config' [-Wunused-parameter]
C/C++:   244 | template <> void HashedSearch<BackoffValue>::DispatchBuild(util::FilePiece &f, const std::vector<uint64_t> &counts, const Config &config, const ProbingVocabulary &vocab, PositiveProbWarn &warn) {
C/C++:       |                                                                                                                                   ^
C/C++: 3 warnings generated.
C/C++: In file included from /home/runner/work/fcitx5-android/fcitx5-android/lib/libime/src/main/cpp/libime/src/libime/core/kenlm/lm/vocab.cc:1:
C/C++: /home/runner/work/fcitx5-android/fcitx5-android/lib/libime/src/main/cpp/libime/src/libime/core/kenlm/lm/vocab.hh:234:40: warning: unused parameter 'word' [-Wunused-parameter]
C/C++:   234 |     void operator()(const StringPiece &word) {}
C/C++:       |                                        ^
C/C++: In file included from /home/runner/work/fcitx5-android/fcitx5-android/lib/libime/src/main/cpp/libime/src/libime/core/kenlm/lm/vocab.cc:11:
C/C++: /home/runner/work/fcitx5-android/fcitx5-android/lib/libime/src/main/cpp/libime/src/libime/core/kenlm/lm/../util/joint_sort.hh:60:19: warning: anonymous non-C-compatible type given name for linkage purposes by typedef declaration; add a tag name here [-Wnon-c-typedef-for-linkage]
C/C++:    60 |     typedef struct {
C/C++:       |                   ^
C/C++:       |                    value_type
C/C++: /home/runner/work/fcitx5-android/fcitx5-android/lib/libime/src/main/cpp/libime/src/libime/core/kenlm/lm/../util/joint_sort.hh:63:7: note: type is not C-compatible due to this member declaration
C/C++:    63 |       const typename std::iterator_traits<KeyIter>::value_type &GetKey() const { return key; }
C/C++:       |       ^~~~~~~~~~~~~~~~~~~~~~~~~~~~~~~~~~~~~~~~~~~~~~~~~~~~~~~~~~~~~~~~~~~~~~~~
C/C++: /home/runner/work/fcitx5-android/fcitx5-android/lib/libime/src/main/cpp/libime/src/libime/core/kenlm/lm/../util/joint_sort.hh:64:7: note: type is given name 'value_type' for linkage purposes by this typedef declaration
C/C++:    64 |     } value_type;
C/C++:       |       ^
C/C++: /home/runner/work/fcitx5-android/fcitx5-android/lib/libime/src/main/cpp/libime/src/libime/core/kenlm/lm/vocab.cc:88:61: warning: unused parameter 'allocated' [-Wunused-parameter]
C/C++:    88 | void SortedVocabulary::SetupMemory(void *start, std::size_t allocated, std::size_t entries, const Config &config) {
C/C++:       |                                                             ^
C/C++: /home/runner/work/fcitx5-android/fcitx5-android/lib/libime/src/main/cpp/libime/src/libime/core/kenlm/lm/vocab.cc:88:84: warning: unused parameter 'entries' [-Wunused-parameter]
C/C++:    88 | void SortedVocabulary::SetupMemory(void *start, std::size_t allocated, std::size_t entries, const Config &config) {
C/C++:       |                                                                                    ^
C/C++: /home/runner/work/fcitx5-android/fcitx5-android/lib/libime/src/main/cpp/libime/src/libime/core/kenlm/lm/vocab.cc:88:107: warning: unused parameter 'config' [-Wunused-parameter]
C/C++:    88 | void SortedVocabulary::SetupMemory(void *start, std::size_t allocated, std::size_t entries, const Config &config) {
C/C++:       |                                                                                                           ^
C/C++: In file included from /home/runner/work/fcitx5-android/fcitx5-android/lib/libime/src/main/cpp/libime/src/libime/core/kenlm/lm/vocab.cc:11:
C/C++: /home/runner/work/fcitx5-android/fcitx5-android/lib/libime/src/main/cpp/libime/src/libime/core/kenlm/lm/../util/joint_sort.hh:104:68: warning: 'binary_function<const util::detail::JointProxy<unsigned long long *, util::PairedIterator<lm::ProbBackoff *, StringPiece *>>::value_type &, const util::detail::JointProxy<unsigned long long *, util::PairedIterator<lm::ProbBackoff *, StringPiece *>>::value_type &, bool>' is deprecated [-Wdeprecated-declarations]
C/C++:   104 | template <class Proxy, class Less> class LessWrapper : public std::binary_function<const typename Proxy::value_type &, const typename Proxy::value_type &, bool> {
C/C++:       |                                                                    ^
C/C++: /home/runner/work/fcitx5-android/fcitx5-android/lib/libime/src/main/cpp/libime/src/libime/core/kenlm/lm/../util/joint_sort.hh:135:69: note: in instantiation of template class 'util::detail::LessWrapper<util::detail::JointProxy<unsigned long long *, util::PairedIterator<lm::ProbBackoff *, StringPiece *>>, std::less<unsigned long long>>' requested here
C/C++:   135 |   detail::LessWrapper<detail::JointProxy<KeyIter, ValueIter>, Less> less_wrap(less);
C/C++:       |                                                                     ^
C/C++: /home/runner/work/fcitx5-android/fcitx5-android/lib/libime/src/main/cpp/libime/src/libime/core/kenlm/lm/../util/joint_sort.hh:141:3: note: in instantiation of function template specialization 'util::JointSort<unsigned long long *, util::PairedIterator<lm::ProbBackoff *, StringPiece *>, std::less<unsigned long long>>' requested here
C/C++:   141 |   JointSort(key_begin, key_end, value_begin, std::less<typename std::iterator_traits<KeyIter>::value_type>());
C/C++:       |   ^
C/C++: /home/runner/work/fcitx5-android/fcitx5-android/lib/libime/src/main/cpp/libime/src/libime/core/kenlm/lm/vocab.cc:199:13: note: in instantiation of function template specialization 'util::JointSort<unsigned long long *, util::PairedIterator<lm::ProbBackoff *, StringPiece *>>' requested here
C/C++:   199 |       util::JointSort(begin_, end_, values);
C/C++:       |             ^
C/C++: /home/runner/work/fcitx5-android/fcitx5-android/lib/libime/src/main/cpp/libime/src/libime/core/kenlm/lm/vocab.cc:128:3: note: in instantiation of function template specialization 'lm::ngram::SortedVocabulary::GenericFinished<lm::ProbBackoff>' requested here
C/C++:   128 |   GenericFinished(reorder);
C/C++:       |   ^
C/C++: /usr/local/lib/android/sdk/ndk/28.0.13004108/toolchains/llvm/prebuilt/linux-x86_64/sysroot/usr/include/c++/v1/__functional/binary_function.h:24:29: note: 'binary_function<const util::detail::JointProxy<unsigned long long *, util::PairedIterator<lm::ProbBackoff *, StringPiece *>>::value_type &, const util::detail::JointProxy<unsigned long long *, util::PairedIterator<lm::ProbBackoff *, StringPiece *>>::value_type &, bool>' has been explicitly marked deprecated here
C/C++:    24 | struct _LIBCPP_TEMPLATE_VIS _LIBCPP_DEPRECATED_IN_CXX11 binary_function {
C/C++:       |                             ^
C/C++: /usr/local/lib/android/sdk/ndk/28.0.13004108/toolchains/llvm/prebuilt/linux-x86_64/sysroot/usr/include/c++/v1/__config:970:41: note: expanded from macro '_LIBCPP_DEPRECATED_IN_CXX11'
C/C++:   970 | #    define _LIBCPP_DEPRECATED_IN_CXX11 _LIBCPP_DEPRECATED
C/C++:       |                                         ^
C/C++: /usr/local/lib/android/sdk/ndk/28.0.13004108/toolchains/llvm/prebuilt/linux-x86_64/sysroot/usr/include/c++/v1/__config:955:49: note: expanded from macro '_LIBCPP_DEPRECATED'
C/C++:   955 | #      define _LIBCPP_DEPRECATED __attribute__((__deprecated__))
C/C++:       |                                                 ^
C/C++: In file included from /home/runner/work/fcitx5-android/fcitx5-android/lib/libime/src/main/cpp/libime/src/libime/core/kenlm/lm/vocab.cc:11:
C/C++: In file included from /home/runner/work/fcitx5-android/fcitx5-android/lib/libime/src/main/cpp/libime/src/libime/core/kenlm/lm/../util/joint_sort.hh:8:
C/C++: /home/runner/work/fcitx5-android/fcitx5-android/lib/libime/src/main/cpp/libime/src/libime/core/kenlm/lm/../util/proxy_iterator.hh:56:8: warning: definition of implicit copy constructor for 'ProxyIterator<util::detail::JointProxy<unsigned long long *, util::PairedIterator<lm::ProbBackoff *, StringPiece *>>>' is deprecated because it has a user-provided copy assignment operator [-Wdeprecated-copy-with-user-provided-copy]
C/C++:    56 |     S &operator=(const S &other) {
C/C++:       |        ^
C/C++: /usr/local/lib/android/sdk/ndk/28.0.13004108/toolchains/llvm/prebuilt/linux-x86_64/sysroot/usr/include/c++/v1/__algorithm/sort.h:990:44: note: in implicit copy constructor for 'util::ProxyIterator<util::detail::JointProxy<unsigned long long *, util::PairedIterator<lm::ProbBackoff *, StringPiece *>>>' first required here
C/C++:   990 |   std::__debug_randomize_range<_AlgPolicy>(__first, __last);
C/C++:       |                                            ^
C/C++: /usr/local/lib/android/sdk/ndk/28.0.13004108/toolchains/llvm/prebuilt/linux-x86_64/sysroot/usr/include/c++/v1/__algorithm/sort.h:1004:8: note: in instantiation of function template specialization 'std::__sort_impl<std::_ClassicAlgPolicy, util::ProxyIterator<util::detail::JointProxy<unsigned long long *, util::PairedIterator<lm::ProbBackoff *, StringPiece *>>>, util::detail::LessWrapper<util::detail::JointProxy<unsigned long long *, util::PairedIterator<lm::ProbBackoff *, StringPiece *>>, std::less<unsigned long long>>>' requested here
C/C++:  1004 |   std::__sort_impl<_ClassicAlgPolicy>(std::move(__first), std::move(__last), __comp);
C/C++:       |        ^
C/C++: /home/runner/work/fcitx5-android/fcitx5-android/lib/libime/src/main/cpp/libime/src/libime/core/kenlm/lm/../util/joint_sort.hh:136:8: note: in instantiation of function template specialization 'std::sort<util::ProxyIterator<util::detail::JointProxy<unsigned long long *, util::PairedIterator<lm::ProbBackoff *, StringPiece *>>>, util::detail::LessWrapper<util::detail::JointProxy<unsigned long long *, util::PairedIterator<lm::ProbBackoff *, StringPiece *>>, std::less<unsigned long long>>>' requested here
C/C++:   136 |   std::sort(full_begin, full_begin + (key_end - key_begin), less_wrap);
C/C++:       |        ^
C/C++: /home/runner/work/fcitx5-android/fcitx5-android/lib/libime/src/main/cpp/libime/src/libime/core/kenlm/lm/../util/joint_sort.hh:141:3: note: in instantiation of function template specialization 'util::JointSort<unsigned long long *, util::PairedIterator<lm::ProbBackoff *, StringPiece *>, std::less<unsigned long long>>' requested here
C/C++:   141 |   JointSort(key_begin, key_end, value_begin, std::less<typename std::iterator_traits<KeyIter>::value_type>());
C/C++:       |   ^
C/C++: /home/runner/work/fcitx5-android/fcitx5-android/lib/libime/src/main/cpp/libime/src/libime/core/kenlm/lm/vocab.cc:199:13: note: in instantiation of function template specialization 'util::JointSort<unsigned long long *, util::PairedIterator<lm::ProbBackoff *, StringPiece *>>' requested here
C/C++:   199 |       util::JointSort(begin_, end_, values);
C/C++:       |             ^
C/C++: /home/runner/work/fcitx5-android/fcitx5-android/lib/libime/src/main/cpp/libime/src/libime/core/kenlm/lm/vocab.cc:128:3: note: in instantiation of function template specialization 'lm::ngram::SortedVocabulary::GenericFinished<lm::ProbBackoff>' requested here
C/C++:   128 |   GenericFinished(reorder);
C/C++:       |   ^
C/C++: In file included from /home/runner/work/fcitx5-android/fcitx5-android/lib/libime/src/main/cpp/libime/src/libime/core/kenlm/lm/vocab.cc:11:
C/C++: In file included from /home/runner/work/fcitx5-android/fcitx5-android/lib/libime/src/main/cpp/libime/src/libime/core/kenlm/lm/../util/joint_sort.hh:8:
C/C++: /home/runner/work/fcitx5-android/fcitx5-android/lib/libime/src/main/cpp/libime/src/libime/core/kenlm/lm/../util/proxy_iterator.hh:56:8: warning: definition of implicit copy constructor for 'ProxyIterator<util::detail::JointProxy<lm::ProbBackoff *, StringPiece *>>' is deprecated because it has a user-provided copy assignment operator [-Wdeprecated-copy-with-user-provided-copy]
C/C++:    56 |     S &operator=(const S &other) {
C/C++:       |        ^
C/C++: /home/runner/work/fcitx5-android/fcitx5-android/lib/libime/src/main/cpp/libime/src/libime/core/kenlm/lm/../util/joint_sort.hh:127:49: note: in implicit copy constructor for 'util::ProxyIterator<util::detail::JointProxy<lm::ProbBackoff *, StringPiece *>>' first required here
C/C++:   127 | template <class KeyIter, class ValueIter> class PairedIterator : public ProxyIterator<detail::JointProxy<KeyIter, ValueIter> > {
C/C++:       |                                                 ^
C/C++: /home/runner/work/fcitx5-android/fcitx5-android/lib/libime/src/main/cpp/libime/src/libime/core/kenlm/lm/../util/joint_sort.hh:23:87: note: in implicit copy constructor for 'util::PairedIterator<lm::ProbBackoff *, StringPiece *>' first required here
C/C++:    23 |     JointIter(const KeyIter &key_iter, const ValueIter &value_iter) : key_(key_iter), value_(value_iter) {}
C/C++:       |                                                                                       ^
C/C++: /home/runner/work/fcitx5-android/fcitx5-android/lib/libime/src/main/cpp/libime/src/libime/core/kenlm/lm/../util/joint_sort.hh:66:72: note: in instantiation of member function 'util::detail::JointIter<unsigned long long *, util::PairedIterator<lm::ProbBackoff *, StringPiece *>>::JointIter' requested here
C/C++:    66 |     JointProxy(const KeyIter &key_iter, const ValueIter &value_iter) : inner_(key_iter, value_iter) {}
C/C++:       |                                                                        ^
C/C++: /home/runner/work/fcitx5-android/fcitx5-android/lib/libime/src/main/cpp/libime/src/libime/core/kenlm/lm/../util/joint_sort.hh:134:69: note: in instantiation of member function 'util::detail::JointProxy<unsigned long long *, util::PairedIterator<lm::ProbBackoff *, StringPiece *>>::JointProxy' requested here
C/C++:   134 |   ProxyIterator<detail::JointProxy<KeyIter, ValueIter> > full_begin(detail::JointProxy<KeyIter, ValueIter>(key_begin, value_begin));
C/C++:       |                                                                     ^
C/C++: /home/runner/work/fcitx5-android/fcitx5-android/lib/libime/src/main/cpp/libime/src/libime/core/kenlm/lm/../util/joint_sort.hh:141:3: note: in instantiation of function template specialization 'util::JointSort<unsigned long long *, util::PairedIterator<lm::ProbBackoff *, StringPiece *>, std::less<unsigned long long>>' requested here
C/C++:   141 |   JointSort(key_begin, key_end, value_begin, std::less<typename std::iterator_traits<KeyIter>::value_type>());
C/C++:       |   ^
C/C++: /home/runner/work/fcitx5-android/fcitx5-android/lib/libime/src/main/cpp/libime/src/libime/core/kenlm/lm/vocab.cc:199:13: note: in instantiation of function template specialization 'util::JointSort<unsigned long long *, util::PairedIterator<lm::ProbBackoff *, StringPiece *>>' requested here
C/C++:   199 |       util::JointSort(begin_, end_, values);
C/C++:       |             ^
C/C++: /home/runner/work/fcitx5-android/fcitx5-android/lib/libime/src/main/cpp/libime/src/libime/core/kenlm/lm/vocab.cc:128:3: note: in instantiation of function template specialization 'lm::ngram::SortedVocabulary::GenericFinished<lm::ProbBackoff>' requested here
C/C++:   128 |   GenericFinished(reorder);
C/C++:       |   ^
C/C++: In file included from /home/runner/work/fcitx5-android/fcitx5-android/lib/libime/src/main/cpp/libime/src/libime/core/kenlm/lm/vocab.cc:11:
C/C++: /home/runner/work/fcitx5-android/fcitx5-android/lib/libime/src/main/cpp/libime/src/libime/core/kenlm/lm/../util/joint_sort.hh:104:68: warning: 'binary_function<const util::detail::JointProxy<unsigned long long *, lm::ProbBackoff *>::value_type &, const util::detail::JointProxy<unsigned long long *, lm::ProbBackoff *>::value_type &, bool>' is deprecated [-Wdeprecated-declarations]
C/C++:   104 | template <class Proxy, class Less> class LessWrapper : public std::binary_function<const typename Proxy::value_type &, const typename Proxy::value_type &, bool> {
C/C++:       |                                                                    ^
C/C++: /home/runner/work/fcitx5-android/fcitx5-android/lib/libime/src/main/cpp/libime/src/libime/core/kenlm/lm/../util/joint_sort.hh:135:69: note: in instantiation of template class 'util::detail::LessWrapper<util::detail::JointProxy<unsigned long long *, lm::ProbBackoff *>, std::less<unsigned long long>>' requested here
C/C++:   135 |   detail::LessWrapper<detail::JointProxy<KeyIter, ValueIter>, Less> less_wrap(less);
C/C++:       |                                                                     ^
C/C++: /home/runner/work/fcitx5-android/fcitx5-android/lib/libime/src/main/cpp/libime/src/libime/core/kenlm/lm/../util/joint_sort.hh:141:3: note: in instantiation of function template specialization 'util::JointSort<unsigned long long *, lm::ProbBackoff *, std::less<unsigned long long>>' requested here
C/C++:   141 |   JointSort(key_begin, key_end, value_begin, std::less<typename std::iterator_traits<KeyIter>::value_type>());
C/C++:       |   ^
C/C++: /home/runner/work/fcitx5-android/fcitx5-android/lib/libime/src/main/cpp/libime/src/libime/core/kenlm/lm/vocab.cc:208:11: note: in instantiation of function template specialization 'util::JointSort<unsigned long long *, lm::ProbBackoff *>' requested here
C/C++:   208 |     util::JointSort(begin_, end_, reorder + 1);
C/C++:       |           ^
C/C++: /home/runner/work/fcitx5-android/fcitx5-android/lib/libime/src/main/cpp/libime/src/libime/core/kenlm/lm/vocab.cc:128:3: note: in instantiation of function template specialization 'lm::ngram::SortedVocabulary::GenericFinished<lm::ProbBackoff>' requested here
C/C++:   128 |   GenericFinished(reorder);
C/C++:       |   ^
C/C++: /usr/local/lib/android/sdk/ndk/28.0.13004108/toolchains/llvm/prebuilt/linux-x86_64/sysroot/usr/include/c++/v1/__functional/binary_function.h:24:29: note: 'binary_function<const util::detail::JointProxy<unsigned long long *, lm::ProbBackoff *>::value_type &, const util::detail::JointProxy<unsigned long long *, lm::ProbBackoff *>::value_type &, bool>' has been explicitly marked deprecated here
C/C++:    24 | struct _LIBCPP_TEMPLATE_VIS _LIBCPP_DEPRECATED_IN_CXX11 binary_function {
C/C++:       |                             ^
C/C++: /usr/local/lib/android/sdk/ndk/28.0.13004108/toolchains/llvm/prebuilt/linux-x86_64/sysroot/usr/include/c++/v1/__config:970:41: note: expanded from macro '_LIBCPP_DEPRECATED_IN_CXX11'
C/C++:   970 | #    define _LIBCPP_DEPRECATED_IN_CXX11 _LIBCPP_DEPRECATED
C/C++:       |                                         ^
C/C++: /usr/local/lib/android/sdk/ndk/28.0.13004108/toolchains/llvm/prebuilt/linux-x86_64/sysroot/usr/include/c++/v1/__config:955:49: note: expanded from macro '_LIBCPP_DEPRECATED'
C/C++:   955 | #      define _LIBCPP_DEPRECATED __attribute__((__deprecated__))
C/C++:       |                                                 ^
C/C++: In file included from /home/runner/work/fcitx5-android/fcitx5-android/lib/libime/src/main/cpp/libime/src/libime/core/kenlm/lm/vocab.cc:11:
C/C++: In file included from /home/runner/work/fcitx5-android/fcitx5-android/lib/libime/src/main/cpp/libime/src/libime/core/kenlm/lm/../util/joint_sort.hh:8:
C/C++: /home/runner/work/fcitx5-android/fcitx5-android/lib/libime/src/main/cpp/libime/src/libime/core/kenlm/lm/../util/proxy_iterator.hh:56:8: warning: definition of implicit copy constructor for 'ProxyIterator<util::detail::JointProxy<unsigned long long *, lm::ProbBackoff *>>' is deprecated because it has a user-provided copy assignment operator [-Wdeprecated-copy-with-user-provided-copy]
C/C++:    56 |     S &operator=(const S &other) {
C/C++:       |        ^
C/C++: /usr/local/lib/android/sdk/ndk/28.0.13004108/toolchains/llvm/prebuilt/linux-x86_64/sysroot/usr/include/c++/v1/__algorithm/sort.h:990:44: note: in implicit copy constructor for 'util::ProxyIterator<util::detail::JointProxy<unsigned long long *, lm::ProbBackoff *>>' first required here
C/C++:   990 |   std::__debug_randomize_range<_AlgPolicy>(__first, __last);
C/C++:       |                                            ^
C/C++: /usr/local/lib/android/sdk/ndk/28.0.13004108/toolchains/llvm/prebuilt/linux-x86_64/sysroot/usr/include/c++/v1/__algorithm/sort.h:1004:8: note: in instantiation of function template specialization 'std::__sort_impl<std::_ClassicAlgPolicy, util::ProxyIterator<util::detail::JointProxy<unsigned long long *, lm::ProbBackoff *>>, util::detail::LessWrapper<util::detail::JointProxy<unsigned long long *, lm::ProbBackoff *>, std::less<unsigned long long>>>' requested here
C/C++:  1004 |   std::__sort_impl<_ClassicAlgPolicy>(std::move(__first), std::move(__last), __comp);
C/C++:       |        ^
C/C++: /home/runner/work/fcitx5-android/fcitx5-android/lib/libime/src/main/cpp/libime/src/libime/core/kenlm/lm/../util/joint_sort.hh:136:8: note: in instantiation of function template specialization 'std::sort<util::ProxyIterator<util::detail::JointProxy<unsigned long long *, lm::ProbBackoff *>>, util::detail::LessWrapper<util::detail::JointProxy<unsigned long long *, lm::ProbBackoff *>, std::less<unsigned long long>>>' requested here
C/C++:   136 |   std::sort(full_begin, full_begin + (key_end - key_begin), less_wrap);
C/C++:       |        ^
C/C++: /home/runner/work/fcitx5-android/fcitx5-android/lib/libime/src/main/cpp/libime/src/libime/core/kenlm/lm/../util/joint_sort.hh:141:3: note: in instantiation of function template specialization 'util::JointSort<unsigned long long *, lm::ProbBackoff *, std::less<unsigned long long>>' requested here
C/C++:   141 |   JointSort(key_begin, key_end, value_begin, std::less<typename std::iterator_traits<KeyIter>::value_type>());
C/C++:       |   ^
C/C++: /home/runner/work/fcitx5-android/fcitx5-android/lib/libime/src/main/cpp/libime/src/libime/core/kenlm/lm/vocab.cc:208:11: note: in instantiation of function template specialization 'util::JointSort<unsigned long long *, lm::ProbBackoff *>' requested here
C/C++:   208 |     util::JointSort(begin_, end_, reorder + 1);
C/C++:       |           ^
C/C++: /home/runner/work/fcitx5-android/fcitx5-android/lib/libime/src/main/cpp/libime/src/libime/core/kenlm/lm/vocab.cc:128:3: note: in instantiation of function template specialization 'lm::ngram::SortedVocabulary::GenericFinished<lm::ProbBackoff>' requested here
C/C++:   128 |   GenericFinished(reorder);
C/C++:       |   ^
C/C++: 10 warnings generated.
C/C++: In file included from /home/runner/work/fcitx5-android/fcitx5-android/lib/libime/src/main/cpp/libime/src/libime/core/kenlm/lm/search_trie.cc:11:
C/C++: /home/runner/work/fcitx5-android/fcitx5-android/lib/libime/src/main/cpp/libime/src/libime/core/kenlm/lm/trie_sort.hh:31:34: warning: 'binary_function<const void *, const void *, bool>' is deprecated [-Wdeprecated-declarations]
C/C++:    31 | class EntryCompare : public std::binary_function<const void*, const void*, bool> {
C/C++:       |                                  ^
C/C++: /usr/local/lib/android/sdk/ndk/28.0.13004108/toolchains/llvm/prebuilt/linux-x86_64/sysroot/usr/include/c++/v1/__functional/binary_function.h:24:29: note: 'binary_function<const void *, const void *, bool>' has been explicitly marked deprecated here
C/C++:    24 | struct _LIBCPP_TEMPLATE_VIS _LIBCPP_DEPRECATED_IN_CXX11 binary_function {
C/C++:       |                             ^
C/C++: /usr/local/lib/android/sdk/ndk/28.0.13004108/toolchains/llvm/prebuilt/linux-x86_64/sysroot/usr/include/c++/v1/__config:970:41: note: expanded from macro '_LIBCPP_DEPRECATED_IN_CXX11'
C/C++:   970 | #    define _LIBCPP_DEPRECATED_IN_CXX11 _LIBCPP_DEPRECATED
C/C++:       |                                         ^
C/C++: /usr/local/lib/android/sdk/ndk/28.0.13004108/toolchains/llvm/prebuilt/linux-x86_64/sysroot/usr/include/c++/v1/__config:955:49: note: expanded from macro '_LIBCPP_DEPRECATED'
C/C++:   955 | #      define _LIBCPP_DEPRECATED __attribute__((__deprecated__))
C/C++:       |                                                 ^
C/C++: In file included from /home/runner/work/fcitx5-android/fcitx5-android/lib/libime/src/main/cpp/libime/src/libime/core/kenlm/lm/search_trie.cc:12:
C/C++: /home/runner/work/fcitx5-android/fcitx5-android/lib/libime/src/main/cpp/libime/src/libime/core/kenlm/lm/vocab.hh:234:40: warning: unused parameter 'word' [-Wunused-parameter]
C/C++:   234 |     void operator()(const StringPiece &word) {}
C/C++:       |                                        ^
C/C++: In file included from /home/runner/work/fcitx5-android/fcitx5-android/lib/libime/src/main/cpp/libime/src/libime/core/kenlm/lm/search_trie.cc:19:
C/C++: /home/runner/work/fcitx5-android/fcitx5-android/lib/libime/src/main/cpp/libime/src/libime/core/kenlm/lm/../util/sized_iterator.hh:90:17: warning: definition of implicit copy constructor for 'SizedProxy' is deprecated because it has a user-provided copy assignment operator [-Wdeprecated-copy-with-user-provided-copy]
C/C++:    90 |     SizedProxy &operator=(const SizedProxy &from) {
C/C++:       |                 ^
C/C++: /home/runner/work/fcitx5-android/fcitx5-android/lib/libime/src/main/cpp/libime/src/libime/core/kenlm/lm/../util/proxy_iterator.hh:80:38: note: in implicit copy constructor for 'util::SizedProxy' first required here
C/C++:    80 |     Proxy operator*() const { return p_; }
C/C++:       |                                      ^
C/C++: /home/runner/work/fcitx5-android/fcitx5-android/lib/libime/src/main/cpp/libime/src/libime/core/kenlm/lm/../util/sized_iterator.hh:212:14: note: in instantiation of member function 'util::ProxyIterator<util::SizedProxy>::operator*' requested here
C/C++:   212 |   util::swap(*first, *second);
C/C++:       |              ^
C/C++: /home/runner/work/fcitx5-android/fcitx5-android/lib/libime/src/main/cpp/libime/src/libime/core/kenlm/lm/../util/sized_iterator.hh:157:71: warning: 'binary_function<const util::JustPOD<4> &, const util::JustPOD<4> &, bool>' is deprecated [-Wdeprecated-declarations]
C/C++:   157 | template <class Delegate, unsigned Size> class JustPODDelegate : std::binary_function<const JustPOD<Size> &, const JustPOD<Size> &, bool> {
C/C++:       |                                                                       ^
C/C++: /home/runner/work/fcitx5-android/fcitx5-android/lib/libime/src/main/cpp/libime/src/libime/core/kenlm/lm/../util/sized_iterator.hh:175:5: note: in instantiation of template class 'util::JustPODDelegate<lm::ngram::trie::EntryCompare, 4>' requested here
C/C++:   175 |     UTIL_SORT_SPECIALIZE(4);
C/C++:       |     ^
C/C++: /home/runner/work/fcitx5-android/fcitx5-android/lib/libime/src/main/cpp/libime/src/libime/core/kenlm/lm/../util/sized_iterator.hh:169:85: note: expanded from macro 'UTIL_SORT_SPECIALIZE'
C/C++:   169 |     std::sort(static_cast<JustPOD<Size>*>(start), static_cast<JustPOD<Size>*>(end), JustPODDelegate<Compare, Size>(compare)); \
C/C++:       |                                                                                     ^
C/C++: /home/runner/work/fcitx5-android/fcitx5-android/lib/libime/src/main/cpp/libime/src/libime/core/kenlm/lm/search_trie.cc:157:13: note: in instantiation of function template specialization 'util::SizedSort<lm::ngram::trie::EntryCompare>' requested here
C/C++:   157 |       util::SizedSort(backing_.get(), current_, entry_size_, EntryCompare((entry_size_ - sizeof(ProbPointer)) / sizeof(WordIndex)));
C/C++:       |             ^
C/C++: /usr/local/lib/android/sdk/ndk/28.0.13004108/toolchains/llvm/prebuilt/linux-x86_64/sysroot/usr/include/c++/v1/__functional/binary_function.h:24:29: note: 'binary_function<const util::JustPOD<4> &, const util::JustPOD<4> &, bool>' has been explicitly marked deprecated here
C/C++:    24 | struct _LIBCPP_TEMPLATE_VIS _LIBCPP_DEPRECATED_IN_CXX11 binary_function {
C/C++:       |                             ^
C/C++: /usr/local/lib/android/sdk/ndk/28.0.13004108/toolchains/llvm/prebuilt/linux-x86_64/sysroot/usr/include/c++/v1/__config:970:41: note: expanded from macro '_LIBCPP_DEPRECATED_IN_CXX11'
C/C++:   970 | #    define _LIBCPP_DEPRECATED_IN_CXX11 _LIBCPP_DEPRECATED
C/C++:       |                                         ^
C/C++: /usr/local/lib/android/sdk/ndk/28.0.13004108/toolchains/llvm/prebuilt/linux-x86_64/sysroot/usr/include/c++/v1/__config:955:49: note: expanded from macro '_LIBCPP_DEPRECATED'
C/C++:   955 | #      define _LIBCPP_DEPRECATED __attribute__((__deprecated__))
C/C++:       |                                                 ^
C/C++: In file included from /home/runner/work/fcitx5-android/fcitx5-android/lib/libime/src/main/cpp/libime/src/libime/core/kenlm/lm/search_trie.cc:19:
C/C++: /home/runner/work/fcitx5-android/fcitx5-android/lib/libime/src/main/cpp/libime/src/libime/core/kenlm/lm/../util/sized_iterator.hh:157:71: warning: 'binary_function<const util::JustPOD<8> &, const util::JustPOD<8> &, bool>' is deprecated [-Wdeprecated-declarations]
C/C++:   157 | template <class Delegate, unsigned Size> class JustPODDelegate : std::binary_function<const JustPOD<Size> &, const JustPOD<Size> &, bool> {
C/C++:       |                                                                       ^
C/C++: /home/runner/work/fcitx5-android/fcitx5-android/lib/libime/src/main/cpp/libime/src/libime/core/kenlm/lm/../util/sized_iterator.hh:176:5: note: in instantiation of template class 'util::JustPODDelegate<lm::ngram::trie::EntryCompare, 8>' requested here
C/C++:   176 |     UTIL_SORT_SPECIALIZE(8);
C/C++:       |     ^
C/C++: /home/runner/work/fcitx5-android/fcitx5-android/lib/libime/src/main/cpp/libime/src/libime/core/kenlm/lm/../util/sized_iterator.hh:169:85: note: expanded from macro 'UTIL_SORT_SPECIALIZE'
C/C++:   169 |     std::sort(static_cast<JustPOD<Size>*>(start), static_cast<JustPOD<Size>*>(end), JustPODDelegate<Compare, Size>(compare)); \
C/C++:       |                                                                                     ^
C/C++: /home/runner/work/fcitx5-android/fcitx5-android/lib/libime/src/main/cpp/libime/src/libime/core/kenlm/lm/search_trie.cc:157:13: note: in instantiation of function template specialization 'util::SizedSort<lm::ngram::trie::EntryCompare>' requested here
C/C++:   157 |       util::SizedSort(backing_.get(), current_, entry_size_, EntryCompare((entry_size_ - sizeof(ProbPointer)) / sizeof(WordIndex)));
C/C++:       |             ^
C/C++: /usr/local/lib/android/sdk/ndk/28.0.13004108/toolchains/llvm/prebuilt/linux-x86_64/sysroot/usr/include/c++/v1/__functional/binary_function.h:24:29: note: 'binary_function<const util::JustPOD<8> &, const util::JustPOD<8> &, bool>' has been explicitly marked deprecated here
C/C++:    24 | struct _LIBCPP_TEMPLATE_VIS _LIBCPP_DEPRECATED_IN_CXX11 binary_function {
C/C++:       |                             ^
C/C++: /usr/local/lib/android/sdk/ndk/28.0.13004108/toolchains/llvm/prebuilt/linux-x86_64/sysroot/usr/include/c++/v1/__config:970:41: note: expanded from macro '_LIBCPP_DEPRECATED_IN_CXX11'
C/C++:   970 | #    define _LIBCPP_DEPRECATED_IN_CXX11 _LIBCPP_DEPRECATED
C/C++:       |                                         ^
C/C++: /usr/local/lib/android/sdk/ndk/28.0.13004108/toolchains/llvm/prebuilt/linux-x86_64/sysroot/usr/include/c++/v1/__config:955:49: note: expanded from macro '_LIBCPP_DEPRECATED'
C/C++:   955 | #      define _LIBCPP_DEPRECATED __attribute__((__deprecated__))
C/C++:       |                                                 ^
C/C++: In file included from /home/runner/work/fcitx5-android/fcitx5-android/lib/libime/src/main/cpp/libime/src/libime/core/kenlm/lm/search_trie.cc:19:
C/C++: /home/runner/work/fcitx5-android/fcitx5-android/lib/libime/src/main/cpp/libime/src/libime/core/kenlm/lm/../util/sized_iterator.hh:157:71: warning: 'binary_function<const util::JustPOD<12> &, const util::JustPOD<12> &, bool>' is deprecated [-Wdeprecated-declarations]
C/C++:   157 | template <class Delegate, unsigned Size> class JustPODDelegate : std::binary_function<const JustPOD<Size> &, const JustPOD<Size> &, bool> {
C/C++:       |                                                                       ^
C/C++: /home/runner/work/fcitx5-android/fcitx5-android/lib/libime/src/main/cpp/libime/src/libime/core/kenlm/lm/../util/sized_iterator.hh:177:5: note: in instantiation of template class 'util::JustPODDelegate<lm::ngram::trie::EntryCompare, 12>' requested here
C/C++:   177 |     UTIL_SORT_SPECIALIZE(12);
C/C++:       |     ^
C/C++: /home/runner/work/fcitx5-android/fcitx5-android/lib/libime/src/main/cpp/libime/src/libime/core/kenlm/lm/../util/sized_iterator.hh:169:85: note: expanded from macro 'UTIL_SORT_SPECIALIZE'
C/C++:   169 |     std::sort(static_cast<JustPOD<Size>*>(start), static_cast<JustPOD<Size>*>(end), JustPODDelegate<Compare, Size>(compare)); \
C/C++:       |                                                                                     ^
C/C++: /home/runner/work/fcitx5-android/fcitx5-android/lib/libime/src/main/cpp/libime/src/libime/core/kenlm/lm/search_trie.cc:157:13: note: in instantiation of function template specialization 'util::SizedSort<lm::ngram::trie::EntryCompare>' requested here
C/C++:   157 |       util::SizedSort(backing_.get(), current_, entry_size_, EntryCompare((entry_size_ - sizeof(ProbPointer)) / sizeof(WordIndex)));
C/C++:       |             ^
C/C++: /usr/local/lib/android/sdk/ndk/28.0.13004108/toolchains/llvm/prebuilt/linux-x86_64/sysroot/usr/include/c++/v1/__functional/binary_function.h:24:29: note: 'binary_function<const util::JustPOD<12> &, const util::JustPOD<12> &, bool>' has been explicitly marked deprecated here
C/C++:    24 | struct _LIBCPP_TEMPLATE_VIS _LIBCPP_DEPRECATED_IN_CXX11 binary_function {
C/C++:       |                             ^
C/C++: /usr/local/lib/android/sdk/ndk/28.0.13004108/toolchains/llvm/prebuilt/linux-x86_64/sysroot/usr/include/c++/v1/__config:970:41: note: expanded from macro '_LIBCPP_DEPRECATED_IN_CXX11'
C/C++:   970 | #    define _LIBCPP_DEPRECATED_IN_CXX11 _LIBCPP_DEPRECATED
C/C++:       |                                         ^
C/C++: /usr/local/lib/android/sdk/ndk/28.0.13004108/toolchains/llvm/prebuilt/linux-x86_64/sysroot/usr/include/c++/v1/__config:955:49: note: expanded from macro '_LIBCPP_DEPRECATED'
C/C++:   955 | #      define _LIBCPP_DEPRECATED __attribute__((__deprecated__))
C/C++:       |                                                 ^
C/C++: In file included from /home/runner/work/fcitx5-android/fcitx5-android/lib/libime/src/main/cpp/libime/src/libime/core/kenlm/lm/search_trie.cc:19:
C/C++: /home/runner/work/fcitx5-android/fcitx5-android/lib/libime/src/main/cpp/libime/src/libime/core/kenlm/lm/../util/sized_iterator.hh:157:71: warning: 'binary_function<const util::JustPOD<16> &, const util::JustPOD<16> &, bool>' is deprecated [-Wdeprecated-declarations]
C/C++:   157 | template <class Delegate, unsigned Size> class JustPODDelegate : std::binary_function<const JustPOD<Size> &, const JustPOD<Size> &, bool> {
C/C++:       |                                                                       ^
C/C++: /home/runner/work/fcitx5-android/fcitx5-android/lib/libime/src/main/cpp/libime/src/libime/core/kenlm/lm/../util/sized_iterator.hh:178:5: note: in instantiation of template class 'util::JustPODDelegate<lm::ngram::trie::EntryCompare, 16>' requested here
C/C++:   178 |     UTIL_SORT_SPECIALIZE(16);
C/C++:       |     ^
C/C++: /home/runner/work/fcitx5-android/fcitx5-android/lib/libime/src/main/cpp/libime/src/libime/core/kenlm/lm/../util/sized_iterator.hh:169:85: note: expanded from macro 'UTIL_SORT_SPECIALIZE'
C/C++:   169 |     std::sort(static_cast<JustPOD<Size>*>(start), static_cast<JustPOD<Size>*>(end), JustPODDelegate<Compare, Size>(compare)); \
C/C++:       |                                                                                     ^
C/C++: /home/runner/work/fcitx5-android/fcitx5-android/lib/libime/src/main/cpp/libime/src/libime/core/kenlm/lm/search_trie.cc:157:13: note: in instantiation of function template specialization 'util::SizedSort<lm::ngram::trie::EntryCompare>' requested here
C/C++:   157 |       util::SizedSort(backing_.get(), current_, entry_size_, EntryCompare((entry_size_ - sizeof(ProbPointer)) / sizeof(WordIndex)));
C/C++:       |             ^
C/C++: /usr/local/lib/android/sdk/ndk/28.0.13004108/toolchains/llvm/prebuilt/linux-x86_64/sysroot/usr/include/c++/v1/__functional/binary_function.h:24:29: note: 'binary_function<const util::JustPOD<16> &, const util::JustPOD<16> &, bool>' has been explicitly marked deprecated here
C/C++:    24 | struct _LIBCPP_TEMPLATE_VIS _LIBCPP_DEPRECATED_IN_CXX11 binary_function {
C/C++:       |                             ^
C/C++: /usr/local/lib/android/sdk/ndk/28.0.13004108/toolchains/llvm/prebuilt/linux-x86_64/sysroot/usr/include/c++/v1/__config:970:41: note: expanded from macro '_LIBCPP_DEPRECATED_IN_CXX11'
C/C++:   970 | #    define _LIBCPP_DEPRECATED_IN_CXX11 _LIBCPP_DEPRECATED
C/C++:       |                                         ^
C/C++: /usr/local/lib/android/sdk/ndk/28.0.13004108/toolchains/llvm/prebuilt/linux-x86_64/sysroot/usr/include/c++/v1/__config:955:49: note: expanded from macro '_LIBCPP_DEPRECATED'
C/C++:   955 | #      define _LIBCPP_DEPRECATED __attribute__((__deprecated__))
C/C++:       |                                                 ^
C/C++: In file included from /home/runner/work/fcitx5-android/fcitx5-android/lib/libime/src/main/cpp/libime/src/libime/core/kenlm/lm/search_trie.cc:19:
C/C++: /home/runner/work/fcitx5-android/fcitx5-android/lib/libime/src/main/cpp/libime/src/libime/core/kenlm/lm/../util/sized_iterator.hh:157:71: warning: 'binary_function<const util::JustPOD<17> &, const util::JustPOD<17> &, bool>' is deprecated [-Wdeprecated-declarations]
C/C++:   157 | template <class Delegate, unsigned Size> class JustPODDelegate : std::binary_function<const JustPOD<Size> &, const JustPOD<Size> &, bool> {
C/C++:       |                                                                       ^
C/C++: /home/runner/work/fcitx5-android/fcitx5-android/lib/libime/src/main/cpp/libime/src/libime/core/kenlm/lm/../util/sized_iterator.hh:179:5: note: in instantiation of template class 'util::JustPODDelegate<lm::ngram::trie::EntryCompare, 17>' requested here
C/C++:   179 |     UTIL_SORT_SPECIALIZE(17); // This is used by interpolation.
C/C++:       |     ^
C/C++: /home/runner/work/fcitx5-android/fcitx5-android/lib/libime/src/main/cpp/libime/src/libime/core/kenlm/lm/../util/sized_iterator.hh:169:85: note: expanded from macro 'UTIL_SORT_SPECIALIZE'
C/C++:   169 |     std::sort(static_cast<JustPOD<Size>*>(start), static_cast<JustPOD<Size>*>(end), JustPODDelegate<Compare, Size>(compare)); \
C/C++:       |                                                                                     ^
C/C++: /home/runner/work/fcitx5-android/fcitx5-android/lib/libime/src/main/cpp/libime/src/libime/core/kenlm/lm/search_trie.cc:157:13: note: in instantiation of function template specialization 'util::SizedSort<lm::ngram::trie::EntryCompare>' requested here
C/C++:   157 |       util::SizedSort(backing_.get(), current_, entry_size_, EntryCompare((entry_size_ - sizeof(ProbPointer)) / sizeof(WordIndex)));
C/C++:       |             ^
C/C++: /usr/local/lib/android/sdk/ndk/28.0.13004108/toolchains/llvm/prebuilt/linux-x86_64/sysroot/usr/include/c++/v1/__functional/binary_function.h:24:29: note: 'binary_function<const util::JustPOD<17> &, const util::JustPOD<17> &, bool>' has been explicitly marked deprecated here
C/C++:    24 | struct _LIBCPP_TEMPLATE_VIS _LIBCPP_DEPRECATED_IN_CXX11 binary_function {
C/C++:       |                             ^
C/C++: /usr/local/lib/android/sdk/ndk/28.0.13004108/toolchains/llvm/prebuilt/linux-x86_64/sysroot/usr/include/c++/v1/__config:970:41: note: expanded from macro '_LIBCPP_DEPRECATED_IN_CXX11'
C/C++:   970 | #    define _LIBCPP_DEPRECATED_IN_CXX11 _LIBCPP_DEPRECATED
C/C++:       |                                         ^
C/C++: /usr/local/lib/android/sdk/ndk/28.0.13004108/toolchains/llvm/prebuilt/linux-x86_64/sysroot/usr/include/c++/v1/__config:955:49: note: expanded from macro '_LIBCPP_DEPRECATED'
C/C++:   955 | #      define _LIBCPP_DEPRECATED __attribute__((__deprecated__))
C/C++:       |                                                 ^
C/C++: In file included from /home/runner/work/fcitx5-android/fcitx5-android/lib/libime/src/main/cpp/libime/src/libime/core/kenlm/lm/search_trie.cc:19:
C/C++: /home/runner/work/fcitx5-android/fcitx5-android/lib/libime/src/main/cpp/libime/src/libime/core/kenlm/lm/../util/sized_iterator.hh:157:71: warning: 'binary_function<const util::JustPOD<20> &, const util::JustPOD<20> &, bool>' is deprecated [-Wdeprecated-declarations]
C/C++:   157 | template <class Delegate, unsigned Size> class JustPODDelegate : std::binary_function<const JustPOD<Size> &, const JustPOD<Size> &, bool> {
C/C++:       |                                                                       ^
C/C++: /home/runner/work/fcitx5-android/fcitx5-android/lib/libime/src/main/cpp/libime/src/libime/core/kenlm/lm/../util/sized_iterator.hh:180:5: note: in instantiation of template class 'util::JustPODDelegate<lm::ngram::trie::EntryCompare, 20>' requested here
C/C++:   180 |     UTIL_SORT_SPECIALIZE(20);
C/C++:       |     ^
C/C++: /home/runner/work/fcitx5-android/fcitx5-android/lib/libime/src/main/cpp/libime/src/libime/core/kenlm/lm/../util/sized_iterator.hh:169:85: note: expanded from macro 'UTIL_SORT_SPECIALIZE'
C/C++:   169 |     std::sort(static_cast<JustPOD<Size>*>(start), static_cast<JustPOD<Size>*>(end), JustPODDelegate<Compare, Size>(compare)); \
C/C++:       |                                                                                     ^
C/C++: /home/runner/work/fcitx5-android/fcitx5-android/lib/libime/src/main/cpp/libime/src/libime/core/kenlm/lm/search_trie.cc:157:13: note: in instantiation of function template specialization 'util::SizedSort<lm::ngram::trie::EntryCompare>' requested here
C/C++:   157 |       util::SizedSort(backing_.get(), current_, entry_size_, EntryCompare((entry_size_ - sizeof(ProbPointer)) / sizeof(WordIndex)));
C/C++:       |             ^
C/C++: /usr/local/lib/android/sdk/ndk/28.0.13004108/toolchains/llvm/prebuilt/linux-x86_64/sysroot/usr/include/c++/v1/__functional/binary_function.h:24:29: note: 'binary_function<const util::JustPOD<20> &, const util::JustPOD<20> &, bool>' has been explicitly marked deprecated here
C/C++:    24 | struct _LIBCPP_TEMPLATE_VIS _LIBCPP_DEPRECATED_IN_CXX11 binary_function {
C/C++:       |                             ^
C/C++: /usr/local/lib/android/sdk/ndk/28.0.13004108/toolchains/llvm/prebuilt/linux-x86_64/sysroot/usr/include/c++/v1/__config:970:41: note: expanded from macro '_LIBCPP_DEPRECATED_IN_CXX11'
C/C++:   970 | #    define _LIBCPP_DEPRECATED_IN_CXX11 _LIBCPP_DEPRECATED
C/C++:       |                                         ^
C/C++: /usr/local/lib/android/sdk/ndk/28.0.13004108/toolchains/llvm/prebuilt/linux-x86_64/sysroot/usr/include/c++/v1/__config:955:49: note: expanded from macro '_LIBCPP_DEPRECATED'
C/C++:   955 | #      define _LIBCPP_DEPRECATED __attribute__((__deprecated__))
C/C++:       |                                                 ^
C/C++: In file included from /home/runner/work/fcitx5-android/fcitx5-android/lib/libime/src/main/cpp/libime/src/libime/core/kenlm/lm/search_trie.cc:19:
C/C++: /home/runner/work/fcitx5-android/fcitx5-android/lib/libime/src/main/cpp/libime/src/libime/core/kenlm/lm/../util/sized_iterator.hh:157:71: warning: 'binary_function<const util::JustPOD<24> &, const util::JustPOD<24> &, bool>' is deprecated [-Wdeprecated-declarations]
C/C++:   157 | template <class Delegate, unsigned Size> class JustPODDelegate : std::binary_function<const JustPOD<Size> &, const JustPOD<Size> &, bool> {
C/C++:       |                                                                       ^
C/C++: /home/runner/work/fcitx5-android/fcitx5-android/lib/libime/src/main/cpp/libime/src/libime/core/kenlm/lm/../util/sized_iterator.hh:181:5: note: in instantiation of template class 'util::JustPODDelegate<lm::ngram::trie::EntryCompare, 24>' requested here
C/C++:   181 |     UTIL_SORT_SPECIALIZE(24);
C/C++:       |     ^
C/C++: /home/runner/work/fcitx5-android/fcitx5-android/lib/libime/src/main/cpp/libime/src/libime/core/kenlm/lm/../util/sized_iterator.hh:169:85: note: expanded from macro 'UTIL_SORT_SPECIALIZE'
C/C++:   169 |     std::sort(static_cast<JustPOD<Size>*>(start), static_cast<JustPOD<Size>*>(end), JustPODDelegate<Compare, Size>(compare)); \
C/C++:       |                                                                                     ^
C/C++: /home/runner/work/fcitx5-android/fcitx5-android/lib/libime/src/main/cpp/libime/src/libime/core/kenlm/lm/search_trie.cc:157:13: note: in instantiation of function template specialization 'util::SizedSort<lm::ngram::trie::EntryCompare>' requested here
C/C++:   157 |       util::SizedSort(backing_.get(), current_, entry_size_, EntryCompare((entry_size_ - sizeof(ProbPointer)) / sizeof(WordIndex)));
C/C++:       |             ^
C/C++: /usr/local/lib/android/sdk/ndk/28.0.13004108/toolchains/llvm/prebuilt/linux-x86_64/sysroot/usr/include/c++/v1/__functional/binary_function.h:24:29: note: 'binary_function<const util::JustPOD<24> &, const util::JustPOD<24> &, bool>' has been explicitly marked deprecated here
C/C++:    24 | struct _LIBCPP_TEMPLATE_VIS _LIBCPP_DEPRECATED_IN_CXX11 binary_function {
C/C++:       |                             ^
C/C++: /usr/local/lib/android/sdk/ndk/28.0.13004108/toolchains/llvm/prebuilt/linux-x86_64/sysroot/usr/include/c++/v1/__config:970:41: note: expanded from macro '_LIBCPP_DEPRECATED_IN_CXX11'
C/C++:   970 | #    define _LIBCPP_DEPRECATED_IN_CXX11 _LIBCPP_DEPRECATED
C/C++:       |                                         ^
C/C++: /usr/local/lib/android/sdk/ndk/28.0.13004108/toolchains/llvm/prebuilt/linux-x86_64/sysroot/usr/include/c++/v1/__config:955:49: note: expanded from macro '_LIBCPP_DEPRECATED'
C/C++:   955 | #      define _LIBCPP_DEPRECATED __attribute__((__deprecated__))
C/C++:       |                                                 ^
C/C++: In file included from /home/runner/work/fcitx5-android/fcitx5-android/lib/libime/src/main/cpp/libime/src/libime/core/kenlm/lm/search_trie.cc:19:
C/C++: /home/runner/work/fcitx5-android/fcitx5-android/lib/libime/src/main/cpp/libime/src/libime/core/kenlm/lm/../util/sized_iterator.hh:157:71: warning: 'binary_function<const util::JustPOD<28> &, const util::JustPOD<28> &, bool>' is deprecated [-Wdeprecated-declarations]
C/C++:   157 | template <class Delegate, unsigned Size> class JustPODDelegate : std::binary_function<const JustPOD<Size> &, const JustPOD<Size> &, bool> {
C/C++:       |                                                                       ^
C/C++: /home/runner/work/fcitx5-android/fcitx5-android/lib/libime/src/main/cpp/libime/src/libime/core/kenlm/lm/../util/sized_iterator.hh:182:5: note: in instantiation of template class 'util::JustPODDelegate<lm::ngram::trie::EntryCompare, 28>' requested here
C/C++:   182 |     UTIL_SORT_SPECIALIZE(28);
C/C++:       |     ^
C/C++: /home/runner/work/fcitx5-android/fcitx5-android/lib/libime/src/main/cpp/libime/src/libime/core/kenlm/lm/../util/sized_iterator.hh:169:85: note: expanded from macro 'UTIL_SORT_SPECIALIZE'
C/C++:   169 |     std::sort(static_cast<JustPOD<Size>*>(start), static_cast<JustPOD<Size>*>(end), JustPODDelegate<Compare, Size>(compare)); \
C/C++:       |                                                                                     ^
C/C++: /home/runner/work/fcitx5-android/fcitx5-android/lib/libime/src/main/cpp/libime/src/libime/core/kenlm/lm/search_trie.cc:157:13: note: in instantiation of function template specialization 'util::SizedSort<lm::ngram::trie::EntryCompare>' requested here
C/C++:   157 |       util::SizedSort(backing_.get(), current_, entry_size_, EntryCompare((entry_size_ - sizeof(ProbPointer)) / sizeof(WordIndex)));
C/C++:       |             ^
C/C++: /usr/local/lib/android/sdk/ndk/28.0.13004108/toolchains/llvm/prebuilt/linux-x86_64/sysroot/usr/include/c++/v1/__functional/binary_function.h:24:29: note: 'binary_function<const util::JustPOD<28> &, const util::JustPOD<28> &, bool>' has been explicitly marked deprecated here
C/C++:    24 | struct _LIBCPP_TEMPLATE_VIS _LIBCPP_DEPRECATED_IN_CXX11 binary_function {
C/C++:       |                             ^
C/C++: /usr/local/lib/android/sdk/ndk/28.0.13004108/toolchains/llvm/prebuilt/linux-x86_64/sysroot/usr/include/c++/v1/__config:970:41: note: expanded from macro '_LIBCPP_DEPRECATED_IN_CXX11'
C/C++:   970 | #    define _LIBCPP_DEPRECATED_IN_CXX11 _LIBCPP_DEPRECATED
C/C++:       |                                         ^
C/C++: /usr/local/lib/android/sdk/ndk/28.0.13004108/toolchains/llvm/prebuilt/linux-x86_64/sysroot/usr/include/c++/v1/__config:955:49: note: expanded from macro '_LIBCPP_DEPRECATED'
C/C++:   955 | #      define _LIBCPP_DEPRECATED __attribute__((__deprecated__))
C/C++:       |                                                 ^
C/C++: In file included from /home/runner/work/fcitx5-android/fcitx5-android/lib/libime/src/main/cpp/libime/src/libime/core/kenlm/lm/search_trie.cc:19:
C/C++: /home/runner/work/fcitx5-android/fcitx5-android/lib/libime/src/main/cpp/libime/src/libime/core/kenlm/lm/../util/sized_iterator.hh:157:71: warning: 'binary_function<const util::JustPOD<32> &, const util::JustPOD<32> &, bool>' is deprecated [-Wdeprecated-declarations]
C/C++:   157 | template <class Delegate, unsigned Size> class JustPODDelegate : std::binary_function<const JustPOD<Size> &, const JustPOD<Size> &, bool> {
C/C++:       |                                                                       ^
C/C++: /home/runner/work/fcitx5-android/fcitx5-android/lib/libime/src/main/cpp/libime/src/libime/core/kenlm/lm/../util/sized_iterator.hh:183:5: note: in instantiation of template class 'util::JustPODDelegate<lm::ngram::trie::EntryCompare, 32>' requested here
C/C++:   183 |     UTIL_SORT_SPECIALIZE(32);
C/C++:       |     ^
C/C++: /home/runner/work/fcitx5-android/fcitx5-android/lib/libime/src/main/cpp/libime/src/libime/core/kenlm/lm/../util/sized_iterator.hh:169:85: note: expanded from macro 'UTIL_SORT_SPECIALIZE'
C/C++:   169 |     std::sort(static_cast<JustPOD<Size>*>(start), static_cast<JustPOD<Size>*>(end), JustPODDelegate<Compare, Size>(compare)); \
C/C++:       |                                                                                     ^
C/C++: /home/runner/work/fcitx5-android/fcitx5-android/lib/libime/src/main/cpp/libime/src/libime/core/kenlm/lm/search_trie.cc:157:13: note: in instantiation of function template specialization 'util::SizedSort<lm::ngram::trie::EntryCompare>' requested here
C/C++:   157 |       util::SizedSort(backing_.get(), current_, entry_size_, EntryCompare((entry_size_ - sizeof(ProbPointer)) / sizeof(WordIndex)));
C/C++:       |             ^
C/C++: /usr/local/lib/android/sdk/ndk/28.0.13004108/toolchains/llvm/prebuilt/linux-x86_64/sysroot/usr/include/c++/v1/__functional/binary_function.h:24:29: note: 'binary_function<const util::JustPOD<32> &, const util::JustPOD<32> &, bool>' has been explicitly marked deprecated here
C/C++:    24 | struct _LIBCPP_TEMPLATE_VIS _LIBCPP_DEPRECATED_IN_CXX11 binary_function {
C/C++:       |                             ^
C/C++: /usr/local/lib/android/sdk/ndk/28.0.13004108/toolchains/llvm/prebuilt/linux-x86_64/sysroot/usr/include/c++/v1/__config:970:41: note: expanded from macro '_LIBCPP_DEPRECATED_IN_CXX11'
C/C++:   970 | #    define _LIBCPP_DEPRECATED_IN_CXX11 _LIBCPP_DEPRECATED
C/C++:       |                                         ^
C/C++: /usr/local/lib/android/sdk/ndk/28.0.13004108/toolchains/llvm/prebuilt/linux-x86_64/sysroot/usr/include/c++/v1/__config:955:49: note: expanded from macro '_LIBCPP_DEPRECATED'
C/C++:   955 | #      define _LIBCPP_DEPRECATED __attribute__((__deprecated__))
C/C++:       |                                                 ^
C/C++: In file included from /home/runner/work/fcitx5-android/fcitx5-android/lib/libime/src/main/cpp/libime/src/libime/core/kenlm/lm/search_trie.cc:19:
C/C++: /home/runner/work/fcitx5-android/fcitx5-android/lib/libime/src/main/cpp/libime/src/libime/core/kenlm/lm/../util/sized_iterator.hh:130:86: warning: 'binary_function<const util::SizedProxy &, const util::SizedProxy &, bool>' is deprecated [-Wdeprecated-declarations]
C/C++:   130 | template <class Delegate, class Proxy = SizedProxy> class SizedCompare : public std::binary_function<const Proxy &, const Proxy &, bool> {
C/C++:       |                                                                                      ^
C/C++: /home/runner/work/fcitx5-android/fcitx5-android/lib/libime/src/main/cpp/libime/src/libime/core/kenlm/lm/../util/sized_iterator.hh:202:90: note: in instantiation of template class 'util::SizedCompare<lm::ngram::trie::EntryCompare>' requested here
C/C++:   202 |           (SizedIterator(SizedProxy(start, pool)), SizedIterator(SizedProxy(end, pool)), SizedCompare<Compare>(compare));
C/C++:       |                                                                                          ^
C/C++: /home/runner/work/fcitx5-android/fcitx5-android/lib/libime/src/main/cpp/libime/src/libime/core/kenlm/lm/search_trie.cc:157:13: note: in instantiation of function template specialization 'util::SizedSort<lm::ngram::trie::EntryCompare>' requested here
C/C++:   157 |       util::SizedSort(backing_.get(), current_, entry_size_, EntryCompare((entry_size_ - sizeof(ProbPointer)) / sizeof(WordIndex)));
C/C++:       |             ^
C/C++: /usr/local/lib/android/sdk/ndk/28.0.13004108/toolchains/llvm/prebuilt/linux-x86_64/sysroot/usr/include/c++/v1/__functional/binary_function.h:24:29: note: 'binary_function<const util::SizedProxy &, const util::SizedProxy &, bool>' has been explicitly marked deprecated here
C/C++:    24 | struct _LIBCPP_TEMPLATE_VIS _LIBCPP_DEPRECATED_IN_CXX11 binary_function {
C/C++:       |                             ^
C/C++: /usr/local/lib/android/sdk/ndk/28.0.13004108/toolchains/llvm/prebuilt/linux-x86_64/sysroot/usr/include/c++/v1/__config:970:41: note: expanded from macro '_LIBCPP_DEPRECATED_IN_CXX11'
C/C++:   970 | #    define _LIBCPP_DEPRECATED_IN_CXX11 _LIBCPP_DEPRECATED
C/C++:       |                                         ^
C/C++: /usr/local/lib/android/sdk/ndk/28.0.13004108/toolchains/llvm/prebuilt/linux-x86_64/sysroot/usr/include/c++/v1/__config:955:49: note: expanded from macro '_LIBCPP_DEPRECATED'
C/C++:   955 | #      define _LIBCPP_DEPRECATED __attribute__((__deprecated__))
C/C++:       |                                                 ^
C/C++: In file included from /home/runner/work/fcitx5-android/fcitx5-android/lib/libime/src/main/cpp/libime/src/libime/core/kenlm/lm/search_trie.cc:17:
C/C++: /home/runner/work/fcitx5-android/fcitx5-android/lib/libime/src/main/cpp/libime/src/libime/core/kenlm/lm/../util/proxy_iterator.hh:56:8: warning: definition of implicit copy constructor for 'ProxyIterator<util::SizedProxy>' is deprecated because it has a user-provided copy assignment operator [-Wdeprecated-copy-with-user-provided-copy]
C/C++:    56 |     S &operator=(const S &other) {
C/C++:       |        ^
C/C++: /usr/local/lib/android/sdk/ndk/28.0.13004108/toolchains/llvm/prebuilt/linux-x86_64/sysroot/usr/include/c++/v1/__algorithm/sort.h:990:44: note: in implicit copy constructor for 'util::ProxyIterator<util::SizedProxy>' first required here
C/C++:   990 |   std::__debug_randomize_range<_AlgPolicy>(__first, __last);
C/C++:       |                                            ^
C/C++: /usr/local/lib/android/sdk/ndk/28.0.13004108/toolchains/llvm/prebuilt/linux-x86_64/sysroot/usr/include/c++/v1/__algorithm/sort.h:1004:8: note: in instantiation of function template specialization 'std::__sort_impl<std::_ClassicAlgPolicy, util::ProxyIterator<util::SizedProxy>, util::SizedCompare<lm::ngram::trie::EntryCompare>>' requested here
C/C++:  1004 |   std::__sort_impl<_ClassicAlgPolicy>(std::move(__first), std::move(__last), __comp);
C/C++:       |        ^
C/C++: /home/runner/work/fcitx5-android/fcitx5-android/lib/libime/src/main/cpp/libime/src/libime/core/kenlm/lm/../util/sized_iterator.hh:200:14: note: in instantiation of function template specialization 'std::sort<util::ProxyIterator<util::SizedProxy>, util::SizedCompare<lm::ngram::trie::EntryCompare>>' requested here
C/C++:   200 |         std::sort
C/C++:       |              ^
C/C++: /home/runner/work/fcitx5-android/fcitx5-android/lib/libime/src/main/cpp/libime/src/libime/core/kenlm/lm/search_trie.cc:157:13: note: in instantiation of function template specialization 'util::SizedSort<lm::ngram::trie::EntryCompare>' requested here
C/C++:   157 |       util::SizedSort(backing_.get(), current_, entry_size_, EntryCompare((entry_size_ - sizeof(ProbPointer)) / sizeof(WordIndex)));
C/C++:       |             ^
C/C++: 14 warnings generated.
C/C++: In file included from /home/runner/work/fcitx5-android/fcitx5-android/lib/libime/src/main/cpp/libime/src/libime/core/kenlm/lm/trie_sort.cc:1:
C/C++: /home/runner/work/fcitx5-android/fcitx5-android/lib/libime/src/main/cpp/libime/src/libime/core/kenlm/lm/trie_sort.hh:31:34: warning: 'binary_function<const void *, const void *, bool>' is deprecated [-Wdeprecated-declarations]
C/C++:    31 | class EntryCompare : public std::binary_function<const void*, const void*, bool> {
C/C++:       |                                  ^
C/C++: /usr/local/lib/android/sdk/ndk/28.0.13004108/toolchains/llvm/prebuilt/linux-x86_64/sysroot/usr/include/c++/v1/__functional/binary_function.h:24:29: note: 'binary_function<const void *, const void *, bool>' has been explicitly marked deprecated here
C/C++:    24 | struct _LIBCPP_TEMPLATE_VIS _LIBCPP_DEPRECATED_IN_CXX11 binary_function {
C/C++:       |                             ^
C/C++: /usr/local/lib/android/sdk/ndk/28.0.13004108/toolchains/llvm/prebuilt/linux-x86_64/sysroot/usr/include/c++/v1/__config:970:41: note: expanded from macro '_LIBCPP_DEPRECATED_IN_CXX11'
C/C++:   970 | #    define _LIBCPP_DEPRECATED_IN_CXX11 _LIBCPP_DEPRECATED
C/C++:       |                                         ^
C/C++: /usr/local/lib/android/sdk/ndk/28.0.13004108/toolchains/llvm/prebuilt/linux-x86_64/sysroot/usr/include/c++/v1/__config:955:49: note: expanded from macro '_LIBCPP_DEPRECATED'
C/C++:   955 | #      define _LIBCPP_DEPRECATED __attribute__((__deprecated__))
C/C++:       |                                                 ^
C/C++: In file included from /home/runner/work/fcitx5-android/fcitx5-android/lib/libime/src/main/cpp/libime/src/libime/core/kenlm/lm/trie_sort.cc:6:
C/C++: /home/runner/work/fcitx5-android/fcitx5-android/lib/libime/src/main/cpp/libime/src/libime/core/kenlm/lm/vocab.hh:234:40: warning: unused parameter 'word' [-Wunused-parameter]
C/C++:   234 |     void operator()(const StringPiece &word) {}
C/C++:       |                                        ^
C/C++: In file included from /home/runner/work/fcitx5-android/fcitx5-android/lib/libime/src/main/cpp/libime/src/libime/core/kenlm/lm/trie_sort.cc:13:
C/C++: /home/runner/work/fcitx5-android/fcitx5-android/lib/libime/src/main/cpp/libime/src/libime/core/kenlm/lm/../util/sized_iterator.hh:130:86: warning: 'binary_function<const lm::ngram::trie::(anonymous namespace)::PartialViewProxy &, const lm::ngram::trie::(anonymous namespace)::PartialViewProxy &, bool>' is deprecated [-Wdeprecated-declarations]
C/C++:   130 | template <class Delegate, class Proxy = SizedProxy> class SizedCompare : public std::binary_function<const Proxy &, const Proxy &, bool> {
C/C++:       |                                                                                      ^
C/C++: /home/runner/work/fcitx5-android/fcitx5-android/lib/libime/src/main/cpp/libime/src/libime/core/kenlm/lm/trie_sort.cc:104:34: note: in instantiation of template class 'util::SizedCompare<lm::ngram::trie::EntryCompare, lm::ngram::trie::(anonymous namespace)::PartialViewProxy>' requested here
C/C++:   104 |     (context_begin, context_end, util::SizedCompare<EntryCompare, PartialViewProxy>(EntryCompare(order - 1)));
C/C++:       |                                  ^
C/C++: /usr/local/lib/android/sdk/ndk/28.0.13004108/toolchains/llvm/prebuilt/linux-x86_64/sysroot/usr/include/c++/v1/__functional/binary_function.h:24:29: note: 'binary_function<const lm::ngram::trie::(anonymous namespace)::PartialViewProxy &, const lm::ngram::trie::(anonymous namespace)::PartialViewProxy &, bool>' has been explicitly marked deprecated here
C/C++:    24 | struct _LIBCPP_TEMPLATE_VIS _LIBCPP_DEPRECATED_IN_CXX11 binary_function {
C/C++:       |                             ^
C/C++: /usr/local/lib/android/sdk/ndk/28.0.13004108/toolchains/llvm/prebuilt/linux-x86_64/sysroot/usr/include/c++/v1/__config:970:41: note: expanded from macro '_LIBCPP_DEPRECATED_IN_CXX11'
C/C++:   970 | #    define _LIBCPP_DEPRECATED_IN_CXX11 _LIBCPP_DEPRECATED
C/C++:       |                                         ^
C/C++: /usr/local/lib/android/sdk/ndk/28.0.13004108/toolchains/llvm/prebuilt/linux-x86_64/sysroot/usr/include/c++/v1/__config:955:49: note: expanded from macro '_LIBCPP_DEPRECATED'
C/C++:   955 | #      define _LIBCPP_DEPRECATED __attribute__((__deprecated__))
C/C++:       |                                                 ^
C/C++: In file included from /home/runner/work/fcitx5-android/fcitx5-android/lib/libime/src/main/cpp/libime/src/libime/core/kenlm/lm/trie_sort.cc:12:
C/C++: /home/runner/work/fcitx5-android/fcitx5-android/lib/libime/src/main/cpp/libime/src/libime/core/kenlm/lm/../util/proxy_iterator.hh:56:8: warning: definition of implicit copy constructor for 'ProxyIterator<lm::ngram::trie::(anonymous namespace)::PartialViewProxy>' is deprecated because it has a user-provided copy assignment operator [-Wdeprecated-copy-with-user-provided-copy]
C/C++:    56 |     S &operator=(const S &other) {
C/C++:       |        ^
C/C++: /usr/local/lib/android/sdk/ndk/28.0.13004108/toolchains/llvm/prebuilt/linux-x86_64/sysroot/usr/include/c++/v1/__algorithm/sort.h:990:44: note: in implicit copy constructor for 'util::ProxyIterator<lm::ngram::trie::(anonymous namespace)::PartialViewProxy>' first required here
C/C++:   990 |   std::__debug_randomize_range<_AlgPolicy>(__first, __last);
C/C++:       |                                            ^
C/C++: /usr/local/lib/android/sdk/ndk/28.0.13004108/toolchains/llvm/prebuilt/linux-x86_64/sysroot/usr/include/c++/v1/__algorithm/sort.h:1004:8: note: in instantiation of function template specialization 'std::__sort_impl<std::_ClassicAlgPolicy, util::ProxyIterator<lm::ngram::trie::(anonymous namespace)::PartialViewProxy>, util::SizedCompare<lm::ngram::trie::EntryCompare, lm::ngram::trie::(anonymous namespace)::PartialViewProxy>>' requested here
C/C++:  1004 |   std::__sort_impl<_ClassicAlgPolicy>(std::move(__first), std::move(__last), __comp);
C/C++:       |        ^
C/C++: /home/runner/work/fcitx5-android/fcitx5-android/lib/libime/src/main/cpp/libime/src/libime/core/kenlm/lm/trie_sort.cc:102:8: note: in instantiation of function template specialization 'std::sort<util::ProxyIterator<lm::ngram::trie::(anonymous namespace)::PartialViewProxy>, util::SizedCompare<lm::ngram::trie::EntryCompare, lm::ngram::trie::(anonymous namespace)::PartialViewProxy>>' requested here
C/C++:   102 |   std::sort
C/C++:       |        ^
C/C++: /home/runner/work/fcitx5-android/fcitx5-android/lib/libime/src/main/cpp/libime/src/libime/core/kenlm/lm/trie_sort.cc:42:23: warning: definition of implicit copy constructor for 'PartialViewProxy' is deprecated because it has a user-provided copy assignment operator [-Wdeprecated-copy-with-user-provided-copy]
C/C++:    42 |     PartialViewProxy &operator=(const PartialViewProxy &from) {
C/C++:       |                       ^
C/C++: /home/runner/work/fcitx5-android/fcitx5-android/lib/libime/src/main/cpp/libime/src/libime/core/kenlm/lm/../util/proxy_iterator.hh:31:30: note: in implicit copy constructor for 'lm::ngram::trie::(anonymous namespace)::PartialViewProxy' first required here
C/C++:    31 | template <class Proxy> class ProxyIterator {
C/C++:       |                              ^
C/C++: /usr/local/lib/android/sdk/ndk/28.0.13004108/toolchains/llvm/prebuilt/linux-x86_64/sysroot/usr/include/c++/v1/__algorithm/sort.h:990:44: note: in implicit copy constructor for 'util::ProxyIterator<lm::ngram::trie::(anonymous namespace)::PartialViewProxy>' first required here
C/C++:   990 |   std::__debug_randomize_range<_AlgPolicy>(__first, __last);
C/C++:       |                                            ^
C/C++: /usr/local/lib/android/sdk/ndk/28.0.13004108/toolchains/llvm/prebuilt/linux-x86_64/sysroot/usr/include/c++/v1/__algorithm/sort.h:1004:8: note: in instantiation of function template specialization 'std::__sort_impl<std::_ClassicAlgPolicy, util::ProxyIterator<lm::ngram::trie::(anonymous namespace)::PartialViewProxy>, util::SizedCompare<lm::ngram::trie::EntryCompare, lm::ngram::trie::(anonymous namespace)::PartialViewProxy>>' requested here
C/C++:  1004 |   std::__sort_impl<_ClassicAlgPolicy>(std::move(__first), std::move(__last), __comp);
C/C++:       |        ^
C/C++: /home/runner/work/fcitx5-android/fcitx5-android/lib/libime/src/main/cpp/libime/src/libime/core/kenlm/lm/trie_sort.cc:102:8: note: in instantiation of function template specialization 'std::sort<util::ProxyIterator<lm::ngram::trie::(anonymous namespace)::PartialViewProxy>, util::SizedCompare<lm::ngram::trie::EntryCompare, lm::ngram::trie::(anonymous namespace)::PartialViewProxy>>' requested here
C/C++:   102 |   std::sort
C/C++:       |        ^
C/C++: /home/runner/work/fcitx5-android/fcitx5-android/lib/libime/src/main/cpp/libime/src/libime/core/kenlm/lm/trie_sort.cc:124:31: warning: unused parameter 'entry_size' [-Wunused-parameter]
C/C++:   124 |   void operator()(std::size_t entry_size, unsigned char order, const void *first, const void *second, FILE * /*out*/) const {
C/C++:       |                               ^
C/C++: /home/runner/work/fcitx5-android/fcitx5-android/lib/libime/src/main/cpp/libime/src/libime/core/kenlm/lm/trie_sort.cc:124:95: warning: unused parameter 'second' [-Wunused-parameter]
C/C++:   124 |   void operator()(std::size_t entry_size, unsigned char order, const void *first, const void *second, FILE * /*out*/) const {
C/C++:       |                                                                                               ^
C/C++: In file included from /home/runner/work/fcitx5-android/fcitx5-android/lib/libime/src/main/cpp/libime/src/libime/core/kenlm/lm/trie_sort.cc:13:
C/C++: /home/runner/work/fcitx5-android/fcitx5-android/lib/libime/src/main/cpp/libime/src/libime/core/kenlm/lm/../util/sized_iterator.hh:90:17: warning: definition of implicit copy constructor for 'SizedProxy' is deprecated because it has a user-provided copy assignment operator [-Wdeprecated-copy-with-user-provided-copy]
C/C++:    90 |     SizedProxy &operator=(const SizedProxy &from) {
C/C++:       |                 ^
C/C++: /home/runner/work/fcitx5-android/fcitx5-android/lib/libime/src/main/cpp/libime/src/libime/core/kenlm/lm/../util/proxy_iterator.hh:80:38: note: in implicit copy constructor for 'util::SizedProxy' first required here
C/C++:    80 |     Proxy operator*() const { return p_; }
C/C++:       |                                      ^
C/C++: /home/runner/work/fcitx5-android/fcitx5-android/lib/libime/src/main/cpp/libime/src/libime/core/kenlm/lm/../util/sized_iterator.hh:212:14: note: in instantiation of member function 'util::ProxyIterator<util::SizedProxy>::operator*' requested here
C/C++:   212 |   util::swap(*first, *second);
C/C++:       |              ^
C/C++: /home/runner/work/fcitx5-android/fcitx5-android/lib/libime/src/main/cpp/libime/src/libime/core/kenlm/lm/../util/sized_iterator.hh:157:71: warning: 'binary_function<const util::JustPOD<4> &, const util::JustPOD<4> &, bool>' is deprecated [-Wdeprecated-declarations]
C/C++:   157 | template <class Delegate, unsigned Size> class JustPODDelegate : std::binary_function<const JustPOD<Size> &, const JustPOD<Size> &, bool> {
C/C++:       |                                                                       ^
C/C++: /home/runner/work/fcitx5-android/fcitx5-android/lib/libime/src/main/cpp/libime/src/libime/core/kenlm/lm/../util/sized_iterator.hh:175:5: note: in instantiation of template class 'util::JustPODDelegate<lm::ngram::trie::EntryCompare, 4>' requested here
C/C++:   175 |     UTIL_SORT_SPECIALIZE(4);
C/C++:       |     ^
C/C++: /home/runner/work/fcitx5-android/fcitx5-android/lib/libime/src/main/cpp/libime/src/libime/core/kenlm/lm/../util/sized_iterator.hh:169:85: note: expanded from macro 'UTIL_SORT_SPECIALIZE'
C/C++:   169 |     std::sort(static_cast<JustPOD<Size>*>(start), static_cast<JustPOD<Size>*>(end), JustPODDelegate<Compare, Size>(compare)); \
C/C++:       |                                                                                     ^
C/C++: /home/runner/work/fcitx5-android/fcitx5-android/lib/libime/src/main/cpp/libime/src/libime/core/kenlm/lm/trie_sort.cc:282:11: note: in instantiation of function template specialization 'util::SizedSort<lm::ngram::trie::EntryCompare>' requested here
C/C++:   282 |     util::SizedSort(begin, out_end, entry_size, EntryCompare(order));
C/C++:       |           ^
C/C++: /usr/local/lib/android/sdk/ndk/28.0.13004108/toolchains/llvm/prebuilt/linux-x86_64/sysroot/usr/include/c++/v1/__functional/binary_function.h:24:29: note: 'binary_function<const util::JustPOD<4> &, const util::JustPOD<4> &, bool>' has been explicitly marked deprecated here
C/C++:    24 | struct _LIBCPP_TEMPLATE_VIS _LIBCPP_DEPRECATED_IN_CXX11 binary_function {
C/C++:       |                             ^
C/C++: /usr/local/lib/android/sdk/ndk/28.0.13004108/toolchains/llvm/prebuilt/linux-x86_64/sysroot/usr/include/c++/v1/__config:970:41: note: expanded from macro '_LIBCPP_DEPRECATED_IN_CXX11'
C/C++:   970 | #    define _LIBCPP_DEPRECATED_IN_CXX11 _LIBCPP_DEPRECATED
C/C++:       |                                         ^
C/C++: /usr/local/lib/android/sdk/ndk/28.0.13004108/toolchains/llvm/prebuilt/linux-x86_64/sysroot/usr/include/c++/v1/__config:955:49: note: expanded from macro '_LIBCPP_DEPRECATED'
C/C++:   955 | #      define _LIBCPP_DEPRECATED __attribute__((__deprecated__))
C/C++:       |                                                 ^
C/C++: In file included from /home/runner/work/fcitx5-android/fcitx5-android/lib/libime/src/main/cpp/libime/src/libime/core/kenlm/lm/trie_sort.cc:13:
C/C++: /home/runner/work/fcitx5-android/fcitx5-android/lib/libime/src/main/cpp/libime/src/libime/core/kenlm/lm/../util/sized_iterator.hh:157:71: warning: 'binary_function<const util::JustPOD<8> &, const util::JustPOD<8> &, bool>' is deprecated [-Wdeprecated-declarations]
C/C++:   157 | template <class Delegate, unsigned Size> class JustPODDelegate : std::binary_function<const JustPOD<Size> &, const JustPOD<Size> &, bool> {
C/C++:       |                                                                       ^
C/C++: /home/runner/work/fcitx5-android/fcitx5-android/lib/libime/src/main/cpp/libime/src/libime/core/kenlm/lm/../util/sized_iterator.hh:176:5: note: in instantiation of template class 'util::JustPODDelegate<lm::ngram::trie::EntryCompare, 8>' requested here
C/C++:   176 |     UTIL_SORT_SPECIALIZE(8);
C/C++:       |     ^
C/C++: /home/runner/work/fcitx5-android/fcitx5-android/lib/libime/src/main/cpp/libime/src/libime/core/kenlm/lm/../util/sized_iterator.hh:169:85: note: expanded from macro 'UTIL_SORT_SPECIALIZE'
C/C++:   169 |     std::sort(static_cast<JustPOD<Size>*>(start), static_cast<JustPOD<Size>*>(end), JustPODDelegate<Compare, Size>(compare)); \
C/C++:       |                                                                                     ^
C/C++: /home/runner/work/fcitx5-android/fcitx5-android/lib/libime/src/main/cpp/libime/src/libime/core/kenlm/lm/trie_sort.cc:282:11: note: in instantiation of function template specialization 'util::SizedSort<lm::ngram::trie::EntryCompare>' requested here
C/C++:   282 |     util::SizedSort(begin, out_end, entry_size, EntryCompare(order));
C/C++:       |           ^
C/C++: /usr/local/lib/android/sdk/ndk/28.0.13004108/toolchains/llvm/prebuilt/linux-x86_64/sysroot/usr/include/c++/v1/__functional/binary_function.h:24:29: note: 'binary_function<const util::JustPOD<8> &, const util::JustPOD<8> &, bool>' has been explicitly marked deprecated here
C/C++:    24 | struct _LIBCPP_TEMPLATE_VIS _LIBCPP_DEPRECATED_IN_CXX11 binary_function {
C/C++:       |                             ^
C/C++: /usr/local/lib/android/sdk/ndk/28.0.13004108/toolchains/llvm/prebuilt/linux-x86_64/sysroot/usr/include/c++/v1/__config:970:41: note: expanded from macro '_LIBCPP_DEPRECATED_IN_CXX11'
C/C++:   970 | #    define _LIBCPP_DEPRECATED_IN_CXX11 _LIBCPP_DEPRECATED
C/C++:       |                                         ^
C/C++: /usr/local/lib/android/sdk/ndk/28.0.13004108/toolchains/llvm/prebuilt/linux-x86_64/sysroot/usr/include/c++/v1/__config:955:49: note: expanded from macro '_LIBCPP_DEPRECATED'
C/C++:   955 | #      define _LIBCPP_DEPRECATED __attribute__((__deprecated__))
C/C++:       |                                                 ^
C/C++: In file included from /home/runner/work/fcitx5-android/fcitx5-android/lib/libime/src/main/cpp/libime/src/libime/core/kenlm/lm/trie_sort.cc:13:
C/C++: /home/runner/work/fcitx5-android/fcitx5-android/lib/libime/src/main/cpp/libime/src/libime/core/kenlm/lm/../util/sized_iterator.hh:157:71: warning: 'binary_function<const util::JustPOD<12> &, const util::JustPOD<12> &, bool>' is deprecated [-Wdeprecated-declarations]
C/C++:   157 | template <class Delegate, unsigned Size> class JustPODDelegate : std::binary_function<const JustPOD<Size> &, const JustPOD<Size> &, bool> {
C/C++:       |                                                                       ^
C/C++: /home/runner/work/fcitx5-android/fcitx5-android/lib/libime/src/main/cpp/libime/src/libime/core/kenlm/lm/../util/sized_iterator.hh:177:5: note: in instantiation of template class 'util::JustPODDelegate<lm::ngram::trie::EntryCompare, 12>' requested here
C/C++:   177 |     UTIL_SORT_SPECIALIZE(12);
C/C++:       |     ^
C/C++: /home/runner/work/fcitx5-android/fcitx5-android/lib/libime/src/main/cpp/libime/src/libime/core/kenlm/lm/../util/sized_iterator.hh:169:85: note: expanded from macro 'UTIL_SORT_SPECIALIZE'
C/C++:   169 |     std::sort(static_cast<JustPOD<Size>*>(start), static_cast<JustPOD<Size>*>(end), JustPODDelegate<Compare, Size>(compare)); \
C/C++:       |                                                                                     ^
C/C++: /home/runner/work/fcitx5-android/fcitx5-android/lib/libime/src/main/cpp/libime/src/libime/core/kenlm/lm/trie_sort.cc:282:11: note: in instantiation of function template specialization 'util::SizedSort<lm::ngram::trie::EntryCompare>' requested here
C/C++:   282 |     util::SizedSort(begin, out_end, entry_size, EntryCompare(order));
C/C++:       |           ^
C/C++: /usr/local/lib/android/sdk/ndk/28.0.13004108/toolchains/llvm/prebuilt/linux-x86_64/sysroot/usr/include/c++/v1/__functional/binary_function.h:24:29: note: 'binary_function<const util::JustPOD<12> &, const util::JustPOD<12> &, bool>' has been explicitly marked deprecated here
C/C++:    24 | struct _LIBCPP_TEMPLATE_VIS _LIBCPP_DEPRECATED_IN_CXX11 binary_function {
C/C++:       |                             ^
C/C++: /usr/local/lib/android/sdk/ndk/28.0.13004108/toolchains/llvm/prebuilt/linux-x86_64/sysroot/usr/include/c++/v1/__config:970:41: note: expanded from macro '_LIBCPP_DEPRECATED_IN_CXX11'
C/C++:   970 | #    define _LIBCPP_DEPRECATED_IN_CXX11 _LIBCPP_DEPRECATED
C/C++:       |                                         ^
C/C++: /usr/local/lib/android/sdk/ndk/28.0.13004108/toolchains/llvm/prebuilt/linux-x86_64/sysroot/usr/include/c++/v1/__config:955:49: note: expanded from macro '_LIBCPP_DEPRECATED'
C/C++:   955 | #      define _LIBCPP_DEPRECATED __attribute__((__deprecated__))
C/C++:       |                                                 ^
C/C++: In file included from /home/runner/work/fcitx5-android/fcitx5-android/lib/libime/src/main/cpp/libime/src/libime/core/kenlm/lm/trie_sort.cc:13:
C/C++: /home/runner/work/fcitx5-android/fcitx5-android/lib/libime/src/main/cpp/libime/src/libime/core/kenlm/lm/../util/sized_iterator.hh:157:71: warning: 'binary_function<const util::JustPOD<16> &, const util::JustPOD<16> &, bool>' is deprecated [-Wdeprecated-declarations]
C/C++:   157 | template <class Delegate, unsigned Size> class JustPODDelegate : std::binary_function<const JustPOD<Size> &, const JustPOD<Size> &, bool> {
C/C++:       |                                                                       ^
C/C++: /home/runner/work/fcitx5-android/fcitx5-android/lib/libime/src/main/cpp/libime/src/libime/core/kenlm/lm/../util/sized_iterator.hh:178:5: note: in instantiation of template class 'util::JustPODDelegate<lm::ngram::trie::EntryCompare, 16>' requested here
C/C++:   178 |     UTIL_SORT_SPECIALIZE(16);
C/C++:       |     ^
C/C++: /home/runner/work/fcitx5-android/fcitx5-android/lib/libime/src/main/cpp/libime/src/libime/core/kenlm/lm/../util/sized_iterator.hh:169:85: note: expanded from macro 'UTIL_SORT_SPECIALIZE'
C/C++:   169 |     std::sort(static_cast<JustPOD<Size>*>(start), static_cast<JustPOD<Size>*>(end), JustPODDelegate<Compare, Size>(compare)); \
C/C++:       |                                                                                     ^
C/C++: /home/runner/work/fcitx5-android/fcitx5-android/lib/libime/src/main/cpp/libime/src/libime/core/kenlm/lm/trie_sort.cc:282:11: note: in instantiation of function template specialization 'util::SizedSort<lm::ngram::trie::EntryCompare>' requested here
C/C++:   282 |     util::SizedSort(begin, out_end, entry_size, EntryCompare(order));
C/C++:       |           ^
C/C++: /usr/local/lib/android/sdk/ndk/28.0.13004108/toolchains/llvm/prebuilt/linux-x86_64/sysroot/usr/include/c++/v1/__functional/binary_function.h:24:29: note: 'binary_function<const util::JustPOD<16> &, const util::JustPOD<16> &, bool>' has been explicitly marked deprecated here
C/C++:    24 | struct _LIBCPP_TEMPLATE_VIS _LIBCPP_DEPRECATED_IN_CXX11 binary_function {
C/C++:       |                             ^
C/C++: /usr/local/lib/android/sdk/ndk/28.0.13004108/toolchains/llvm/prebuilt/linux-x86_64/sysroot/usr/include/c++/v1/__config:970:41: note: expanded from macro '_LIBCPP_DEPRECATED_IN_CXX11'
C/C++:   970 | #    define _LIBCPP_DEPRECATED_IN_CXX11 _LIBCPP_DEPRECATED
C/C++:       |                                         ^
C/C++: /usr/local/lib/android/sdk/ndk/28.0.13004108/toolchains/llvm/prebuilt/linux-x86_64/sysroot/usr/include/c++/v1/__config:955:49: note: expanded from macro '_LIBCPP_DEPRECATED'
C/C++:   955 | #      define _LIBCPP_DEPRECATED __attribute__((__deprecated__))
C/C++:       |                                                 ^
C/C++: In file included from /home/runner/work/fcitx5-android/fcitx5-android/lib/libime/src/main/cpp/libime/src/libime/core/kenlm/lm/trie_sort.cc:13:
C/C++: /home/runner/work/fcitx5-android/fcitx5-android/lib/libime/src/main/cpp/libime/src/libime/core/kenlm/lm/../util/sized_iterator.hh:157:71: warning: 'binary_function<const util::JustPOD<17> &, const util::JustPOD<17> &, bool>' is deprecated [-Wdeprecated-declarations]
C/C++:   157 | template <class Delegate, unsigned Size> class JustPODDelegate : std::binary_function<const JustPOD<Size> &, const JustPOD<Size> &, bool> {
C/C++:       |                                                                       ^
C/C++: /home/runner/work/fcitx5-android/fcitx5-android/lib/libime/src/main/cpp/libime/src/libime/core/kenlm/lm/../util/sized_iterator.hh:179:5: note: in instantiation of template class 'util::JustPODDelegate<lm::ngram::trie::EntryCompare, 17>' requested here
C/C++:   179 |     UTIL_SORT_SPECIALIZE(17); // This is used by interpolation.
C/C++:       |     ^
C/C++: /home/runner/work/fcitx5-android/fcitx5-android/lib/libime/src/main/cpp/libime/src/libime/core/kenlm/lm/../util/sized_iterator.hh:169:85: note: expanded from macro 'UTIL_SORT_SPECIALIZE'
C/C++:   169 |     std::sort(static_cast<JustPOD<Size>*>(start), static_cast<JustPOD<Size>*>(end), JustPODDelegate<Compare, Size>(compare)); \
C/C++:       |                                                                                     ^
C/C++: /home/runner/work/fcitx5-android/fcitx5-android/lib/libime/src/main/cpp/libime/src/libime/core/kenlm/lm/trie_sort.cc:282:11: note: in instantiation of function template specialization 'util::SizedSort<lm::ngram::trie::EntryCompare>' requested here
C/C++:   282 |     util::SizedSort(begin, out_end, entry_size, EntryCompare(order));
C/C++:       |           ^
C/C++: /usr/local/lib/android/sdk/ndk/28.0.13004108/toolchains/llvm/prebuilt/linux-x86_64/sysroot/usr/include/c++/v1/__functional/binary_function.h:24:29: note: 'binary_function<const util::JustPOD<17> &, const util::JustPOD<17> &, bool>' has been explicitly marked deprecated here
C/C++:    24 | struct _LIBCPP_TEMPLATE_VIS _LIBCPP_DEPRECATED_IN_CXX11 binary_function {
C/C++:       |                             ^
C/C++: /usr/local/lib/android/sdk/ndk/28.0.13004108/toolchains/llvm/prebuilt/linux-x86_64/sysroot/usr/include/c++/v1/__config:970:41: note: expanded from macro '_LIBCPP_DEPRECATED_IN_CXX11'
C/C++:   970 | #    define _LIBCPP_DEPRECATED_IN_CXX11 _LIBCPP_DEPRECATED
C/C++:       |                                         ^
C/C++: /usr/local/lib/android/sdk/ndk/28.0.13004108/toolchains/llvm/prebuilt/linux-x86_64/sysroot/usr/include/c++/v1/__config:955:49: note: expanded from macro '_LIBCPP_DEPRECATED'
C/C++:   955 | #      define _LIBCPP_DEPRECATED __attribute__((__deprecated__))
C/C++:       |                                                 ^
C/C++: In file included from /home/runner/work/fcitx5-android/fcitx5-android/lib/libime/src/main/cpp/libime/src/libime/core/kenlm/lm/trie_sort.cc:13:
C/C++: /home/runner/work/fcitx5-android/fcitx5-android/lib/libime/src/main/cpp/libime/src/libime/core/kenlm/lm/../util/sized_iterator.hh:157:71: warning: 'binary_function<const util::JustPOD<20> &, const util::JustPOD<20> &, bool>' is deprecated [-Wdeprecated-declarations]
C/C++:   157 | template <class Delegate, unsigned Size> class JustPODDelegate : std::binary_function<const JustPOD<Size> &, const JustPOD<Size> &, bool> {
C/C++:       |                                                                       ^
C/C++: /home/runner/work/fcitx5-android/fcitx5-android/lib/libime/src/main/cpp/libime/src/libime/core/kenlm/lm/../util/sized_iterator.hh:180:5: note: in instantiation of template class 'util::JustPODDelegate<lm::ngram::trie::EntryCompare, 20>' requested here
C/C++:   180 |     UTIL_SORT_SPECIALIZE(20);
C/C++:       |     ^
C/C++: /home/runner/work/fcitx5-android/fcitx5-android/lib/libime/src/main/cpp/libime/src/libime/core/kenlm/lm/../util/sized_iterator.hh:169:85: note: expanded from macro 'UTIL_SORT_SPECIALIZE'
C/C++:   169 |     std::sort(static_cast<JustPOD<Size>*>(start), static_cast<JustPOD<Size>*>(end), JustPODDelegate<Compare, Size>(compare)); \
C/C++:       |                                                                                     ^
C/C++: /home/runner/work/fcitx5-android/fcitx5-android/lib/libime/src/main/cpp/libime/src/libime/core/kenlm/lm/trie_sort.cc:282:11: note: in instantiation of function template specialization 'util::SizedSort<lm::ngram::trie::EntryCompare>' requested here
C/C++:   282 |     util::SizedSort(begin, out_end, entry_size, EntryCompare(order));
C/C++:       |           ^
C/C++: /usr/local/lib/android/sdk/ndk/28.0.13004108/toolchains/llvm/prebuilt/linux-x86_64/sysroot/usr/include/c++/v1/__functional/binary_function.h:24:29: note: 'binary_function<const util::JustPOD<20> &, const util::JustPOD<20> &, bool>' has been explicitly marked deprecated here
C/C++:    24 | struct _LIBCPP_TEMPLATE_VIS _LIBCPP_DEPRECATED_IN_CXX11 binary_function {
C/C++:       |                             ^
C/C++: /usr/local/lib/android/sdk/ndk/28.0.13004108/toolchains/llvm/prebuilt/linux-x86_64/sysroot/usr/include/c++/v1/__config:970:41: note: expanded from macro '_LIBCPP_DEPRECATED_IN_CXX11'
C/C++:   970 | #    define _LIBCPP_DEPRECATED_IN_CXX11 _LIBCPP_DEPRECATED
C/C++:       |                                         ^
C/C++: /usr/local/lib/android/sdk/ndk/28.0.13004108/toolchains/llvm/prebuilt/linux-x86_64/sysroot/usr/include/c++/v1/__config:955:49: note: expanded from macro '_LIBCPP_DEPRECATED'
C/C++:   955 | #      define _LIBCPP_DEPRECATED __attribute__((__deprecated__))
C/C++:       |                                                 ^
C/C++: In file included from /home/runner/work/fcitx5-android/fcitx5-android/lib/libime/src/main/cpp/libime/src/libime/core/kenlm/lm/trie_sort.cc:13:
C/C++: /home/runner/work/fcitx5-android/fcitx5-android/lib/libime/src/main/cpp/libime/src/libime/core/kenlm/lm/../util/sized_iterator.hh:157:71: warning: 'binary_function<const util::JustPOD<24> &, const util::JustPOD<24> &, bool>' is deprecated [-Wdeprecated-declarations]
C/C++:   157 | template <class Delegate, unsigned Size> class JustPODDelegate : std::binary_function<const JustPOD<Size> &, const JustPOD<Size> &, bool> {
C/C++:       |                                                                       ^
C/C++: /home/runner/work/fcitx5-android/fcitx5-android/lib/libime/src/main/cpp/libime/src/libime/core/kenlm/lm/../util/sized_iterator.hh:181:5: note: in instantiation of template class 'util::JustPODDelegate<lm::ngram::trie::EntryCompare, 24>' requested here
C/C++:   181 |     UTIL_SORT_SPECIALIZE(24);
C/C++:       |     ^
C/C++: /home/runner/work/fcitx5-android/fcitx5-android/lib/libime/src/main/cpp/libime/src/libime/core/kenlm/lm/../util/sized_iterator.hh:169:85: note: expanded from macro 'UTIL_SORT_SPECIALIZE'
C/C++:   169 |     std::sort(static_cast<JustPOD<Size>*>(start), static_cast<JustPOD<Size>*>(end), JustPODDelegate<Compare, Size>(compare)); \
C/C++:       |                                                                                     ^
C/C++: /home/runner/work/fcitx5-android/fcitx5-android/lib/libime/src/main/cpp/libime/src/libime/core/kenlm/lm/trie_sort.cc:282:11: note: in instantiation of function template specialization 'util::SizedSort<lm::ngram::trie::EntryCompare>' requested here
C/C++:   282 |     util::SizedSort(begin, out_end, entry_size, EntryCompare(order));
C/C++:       |           ^
C/C++: /usr/local/lib/android/sdk/ndk/28.0.13004108/toolchains/llvm/prebuilt/linux-x86_64/sysroot/usr/include/c++/v1/__functional/binary_function.h:24:29: note: 'binary_function<const util::JustPOD<24> &, const util::JustPOD<24> &, bool>' has been explicitly marked deprecated here
C/C++:    24 | struct _LIBCPP_TEMPLATE_VIS _LIBCPP_DEPRECATED_IN_CXX11 binary_function {
C/C++:       |                             ^
C/C++: /usr/local/lib/android/sdk/ndk/28.0.13004108/toolchains/llvm/prebuilt/linux-x86_64/sysroot/usr/include/c++/v1/__config:970:41: note: expanded from macro '_LIBCPP_DEPRECATED_IN_CXX11'
C/C++:   970 | #    define _LIBCPP_DEPRECATED_IN_CXX11 _LIBCPP_DEPRECATED
C/C++:       |                                         ^
C/C++: /usr/local/lib/android/sdk/ndk/28.0.13004108/toolchains/llvm/prebuilt/linux-x86_64/sysroot/usr/include/c++/v1/__config:955:49: note: expanded from macro '_LIBCPP_DEPRECATED'
C/C++:   955 | #      define _LIBCPP_DEPRECATED __attribute__((__deprecated__))
C/C++:       |                                                 ^
C/C++: In file included from /home/runner/work/fcitx5-android/fcitx5-android/lib/libime/src/main/cpp/libime/src/libime/core/kenlm/lm/trie_sort.cc:13:
C/C++: /home/runner/work/fcitx5-android/fcitx5-android/lib/libime/src/main/cpp/libime/src/libime/core/kenlm/lm/../util/sized_iterator.hh:157:71: warning: 'binary_function<const util::JustPOD<28> &, const util::JustPOD<28> &, bool>' is deprecated [-Wdeprecated-declarations]
C/C++:   157 | template <class Delegate, unsigned Size> class JustPODDelegate : std::binary_function<const JustPOD<Size> &, const JustPOD<Size> &, bool> {
C/C++:       |                                                                       ^
C/C++: /home/runner/work/fcitx5-android/fcitx5-android/lib/libime/src/main/cpp/libime/src/libime/core/kenlm/lm/../util/sized_iterator.hh:182:5: note: in instantiation of template class 'util::JustPODDelegate<lm::ngram::trie::EntryCompare, 28>' requested here
C/C++:   182 |     UTIL_SORT_SPECIALIZE(28);
C/C++:       |     ^
C/C++: /home/runner/work/fcitx5-android/fcitx5-android/lib/libime/src/main/cpp/libime/src/libime/core/kenlm/lm/../util/sized_iterator.hh:169:85: note: expanded from macro 'UTIL_SORT_SPECIALIZE'
C/C++:   169 |     std::sort(static_cast<JustPOD<Size>*>(start), static_cast<JustPOD<Size>*>(end), JustPODDelegate<Compare, Size>(compare)); \
C/C++:       |                                                                                     ^
C/C++: /home/runner/work/fcitx5-android/fcitx5-android/lib/libime/src/main/cpp/libime/src/libime/core/kenlm/lm/trie_sort.cc:282:11: note: in instantiation of function template specialization 'util::SizedSort<lm::ngram::trie::EntryCompare>' requested here
C/C++:   282 |     util::SizedSort(begin, out_end, entry_size, EntryCompare(order));
C/C++:       |           ^
C/C++: /usr/local/lib/android/sdk/ndk/28.0.13004108/toolchains/llvm/prebuilt/linux-x86_64/sysroot/usr/include/c++/v1/__functional/binary_function.h:24:29: note: 'binary_function<const util::JustPOD<28> &, const util::JustPOD<28> &, bool>' has been explicitly marked deprecated here
C/C++:    24 | struct _LIBCPP_TEMPLATE_VIS _LIBCPP_DEPRECATED_IN_CXX11 binary_function {
C/C++:       |                             ^
C/C++: /usr/local/lib/android/sdk/ndk/28.0.13004108/toolchains/llvm/prebuilt/linux-x86_64/sysroot/usr/include/c++/v1/__config:970:41: note: expanded from macro '_LIBCPP_DEPRECATED_IN_CXX11'
C/C++:   970 | #    define _LIBCPP_DEPRECATED_IN_CXX11 _LIBCPP_DEPRECATED
C/C++:       |                                         ^
C/C++: /usr/local/lib/android/sdk/ndk/28.0.13004108/toolchains/llvm/prebuilt/linux-x86_64/sysroot/usr/include/c++/v1/__config:955:49: note: expanded from macro '_LIBCPP_DEPRECATED'
C/C++:   955 | #      define _LIBCPP_DEPRECATED __attribute__((__deprecated__))
C/C++:       |                                                 ^
C/C++: In file included from /home/runner/work/fcitx5-android/fcitx5-android/lib/libime/src/main/cpp/libime/src/libime/core/kenlm/lm/trie_sort.cc:13:
C/C++: /home/runner/work/fcitx5-android/fcitx5-android/lib/libime/src/main/cpp/libime/src/libime/core/kenlm/lm/../util/sized_iterator.hh:157:71: warning: 'binary_function<const util::JustPOD<32> &, const util::JustPOD<32> &, bool>' is deprecated [-Wdeprecated-declarations]
C/C++:   157 | template <class Delegate, unsigned Size> class JustPODDelegate : std::binary_function<const JustPOD<Size> &, const JustPOD<Size> &, bool> {
C/C++:       |                                                                       ^
C/C++: /home/runner/work/fcitx5-android/fcitx5-android/lib/libime/src/main/cpp/libime/src/libime/core/kenlm/lm/../util/sized_iterator.hh:183:5: note: in instantiation of template class 'util::JustPODDelegate<lm::ngram::trie::EntryCompare, 32>' requested here
C/C++:   183 |     UTIL_SORT_SPECIALIZE(32);
C/C++:       |     ^
C/C++: /home/runner/work/fcitx5-android/fcitx5-android/lib/libime/src/main/cpp/libime/src/libime/core/kenlm/lm/../util/sized_iterator.hh:169:85: note: expanded from macro 'UTIL_SORT_SPECIALIZE'
C/C++:   169 |     std::sort(static_cast<JustPOD<Size>*>(start), static_cast<JustPOD<Size>*>(end), JustPODDelegate<Compare, Size>(compare)); \
C/C++:       |                                                                                     ^
C/C++: /home/runner/work/fcitx5-android/fcitx5-android/lib/libime/src/main/cpp/libime/src/libime/core/kenlm/lm/trie_sort.cc:282:11: note: in instantiation of function template specialization 'util::SizedSort<lm::ngram::trie::EntryCompare>' requested here
C/C++:   282 |     util::SizedSort(begin, out_end, entry_size, EntryCompare(order));
C/C++:       |           ^
C/C++: /usr/local/lib/android/sdk/ndk/28.0.13004108/toolchains/llvm/prebuilt/linux-x86_64/sysroot/usr/include/c++/v1/__functional/binary_function.h:24:29: note: 'binary_function<const util::JustPOD<32> &, const util::JustPOD<32> &, bool>' has been explicitly marked deprecated here
C/C++:    24 | struct _LIBCPP_TEMPLATE_VIS _LIBCPP_DEPRECATED_IN_CXX11 binary_function {
C/C++:       |                             ^
C/C++: /usr/local/lib/android/sdk/ndk/28.0.13004108/toolchains/llvm/prebuilt/linux-x86_64/sysroot/usr/include/c++/v1/__config:970:41: note: expanded from macro '_LIBCPP_DEPRECATED_IN_CXX11'
C/C++:   970 | #    define _LIBCPP_DEPRECATED_IN_CXX11 _LIBCPP_DEPRECATED
C/C++:       |                                         ^
C/C++: /usr/local/lib/android/sdk/ndk/28.0.13004108/toolchains/llvm/prebuilt/linux-x86_64/sysroot/usr/include/c++/v1/__config:955:49: note: expanded from macro '_LIBCPP_DEPRECATED'
C/C++:   955 | #      define _LIBCPP_DEPRECATED __attribute__((__deprecated__))
C/C++:       |                                                 ^
C/C++: In file included from /home/runner/work/fcitx5-android/fcitx5-android/lib/libime/src/main/cpp/libime/src/libime/core/kenlm/lm/trie_sort.cc:13:
C/C++: /home/runner/work/fcitx5-android/fcitx5-android/lib/libime/src/main/cpp/libime/src/libime/core/kenlm/lm/../util/sized_iterator.hh:130:86: warning: 'binary_function<const util::SizedProxy &, const util::SizedProxy &, bool>' is deprecated [-Wdeprecated-declarations]
C/C++:   130 | template <class Delegate, class Proxy = SizedProxy> class SizedCompare : public std::binary_function<const Proxy &, const Proxy &, bool> {
C/C++:       |                                                                                      ^
C/C++: /home/runner/work/fcitx5-android/fcitx5-android/lib/libime/src/main/cpp/libime/src/libime/core/kenlm/lm/../util/sized_iterator.hh:202:90: note: in instantiation of template class 'util::SizedCompare<lm::ngram::trie::EntryCompare>' requested here
C/C++:   202 |           (SizedIterator(SizedProxy(start, pool)), SizedIterator(SizedProxy(end, pool)), SizedCompare<Compare>(compare));
C/C++:       |                                                                                          ^
C/C++: /home/runner/work/fcitx5-android/fcitx5-android/lib/libime/src/main/cpp/libime/src/libime/core/kenlm/lm/trie_sort.cc:282:11: note: in instantiation of function template specialization 'util::SizedSort<lm::ngram::trie::EntryCompare>' requested here
C/C++:   282 |     util::SizedSort(begin, out_end, entry_size, EntryCompare(order));
C/C++:       |           ^
C/C++: /usr/local/lib/android/sdk/ndk/28.0.13004108/toolchains/llvm/prebuilt/linux-x86_64/sysroot/usr/include/c++/v1/__functional/binary_function.h:24:29: note: 'binary_function<const util::SizedProxy &, const util::SizedProxy &, bool>' has been explicitly marked deprecated here
C/C++:    24 | struct _LIBCPP_TEMPLATE_VIS _LIBCPP_DEPRECATED_IN_CXX11 binary_function {
C/C++:       |                             ^
C/C++: /usr/local/lib/android/sdk/ndk/28.0.13004108/toolchains/llvm/prebuilt/linux-x86_64/sysroot/usr/include/c++/v1/__config:970:41: note: expanded from macro '_LIBCPP_DEPRECATED_IN_CXX11'
C/C++:   970 | #    define _LIBCPP_DEPRECATED_IN_CXX11 _LIBCPP_DEPRECATED
C/C++:       |                                         ^
C/C++: /usr/local/lib/android/sdk/ndk/28.0.13004108/toolchains/llvm/prebuilt/linux-x86_64/sysroot/usr/include/c++/v1/__config:955:49: note: expanded from macro '_LIBCPP_DEPRECATED'
C/C++:   955 | #      define _LIBCPP_DEPRECATED __attribute__((__deprecated__))
C/C++:       |                                                 ^
C/C++: In file included from /home/runner/work/fcitx5-android/fcitx5-android/lib/libime/src/main/cpp/libime/src/libime/core/kenlm/lm/trie_sort.cc:12:
C/C++: /home/runner/work/fcitx5-android/fcitx5-android/lib/libime/src/main/cpp/libime/src/libime/core/kenlm/lm/../util/proxy_iterator.hh:56:8: warning: definition of implicit copy constructor for 'ProxyIterator<util::SizedProxy>' is deprecated because it has a user-provided copy assignment operator [-Wdeprecated-copy-with-user-provided-copy]
C/C++:    56 |     S &operator=(const S &other) {
C/C++:       |        ^
C/C++: /usr/local/lib/android/sdk/ndk/28.0.13004108/toolchains/llvm/prebuilt/linux-x86_64/sysroot/usr/include/c++/v1/__algorithm/sort.h:990:44: note: in implicit copy constructor for 'util::ProxyIterator<util::SizedProxy>' first required here
C/C++:   990 |   std::__debug_randomize_range<_AlgPolicy>(__first, __last);
C/C++:       |                                            ^
C/C++: /usr/local/lib/android/sdk/ndk/28.0.13004108/toolchains/llvm/prebuilt/linux-x86_64/sysroot/usr/include/c++/v1/__algorithm/sort.h:1004:8: note: in instantiation of function template specialization 'std::__sort_impl<std::_ClassicAlgPolicy, util::ProxyIterator<util::SizedProxy>, util::SizedCompare<lm::ngram::trie::EntryCompare>>' requested here
C/C++:  1004 |   std::__sort_impl<_ClassicAlgPolicy>(std::move(__first), std::move(__last), __comp);
C/C++:       |        ^
C/C++: /home/runner/work/fcitx5-android/fcitx5-android/lib/libime/src/main/cpp/libime/src/libime/core/kenlm/lm/../util/sized_iterator.hh:200:14: note: in instantiation of function template specialization 'std::sort<util::ProxyIterator<util::SizedProxy>, util::SizedCompare<lm::ngram::trie::EntryCompare>>' requested here
C/C++:   200 |         std::sort
C/C++:       |              ^
C/C++: /home/runner/work/fcitx5-android/fcitx5-android/lib/libime/src/main/cpp/libime/src/libime/core/kenlm/lm/trie_sort.cc:282:11: note: in instantiation of function template specialization 'util::SizedSort<lm::ngram::trie::EntryCompare>' requested here
C/C++:   282 |     util::SizedSort(begin, out_end, entry_size, EntryCompare(order));
C/C++:       |           ^
C/C++: 19 warnings generated.

> Task :app:l8DexDesugarLibRelease

> Task :lib:libime:buildCMakeRelWithDebInfo[x86][IMECore,IMEPinyin,etc]
C/C++: In file included from /home/runner/work/fcitx5-android/fcitx5-android/lib/libime/src/main/cpp/libime/src/libime/core/languagemodel.cpp:30:
C/C++: In file included from /home/runner/work/fcitx5-android/fcitx5-android/lib/libime/src/main/cpp/libime/src/libime/core/kenlm/lm/model.hh:9:
C/C++: /home/runner/work/fcitx5-android/fcitx5-android/lib/libime/src/main/cpp/libime/src/libime/core/kenlm/lm/search_hashed.hh:149:39: warning: unused parameter 'count' [-Wunused-parameter]
C/C++:   149 |         Unigram(void *start, uint64_t count) :
C/C++:       |                                       ^
C/C++: In file included from /home/runner/work/fcitx5-android/fcitx5-android/lib/libime/src/main/cpp/libime/src/libime/core/languagemodel.cpp:30:
C/C++: In file included from /home/runner/work/fcitx5-android/fcitx5-android/lib/libime/src/main/cpp/libime/src/libime/core/kenlm/lm/model.hh:13:
C/C++: /home/runner/work/fcitx5-android/fcitx5-android/lib/libime/src/main/cpp/libime/src/libime/core/kenlm/lm/vocab.hh:234:40: warning: unused parameter 'word' [-Wunused-parameter]
C/C++:   234 |     void operator()(const StringPiece &word) {}
C/C++:       |                                        ^
C/C++: 2 warnings generated.

> Task :app:compileReleaseArtProfile SKIPPED

> Task :lib:libime:configureCMakeRelWithDebInfo[x86_64]
C/C++: pkg_check_modules: ZSTD;REQUIRED;IMPORTED_TARGET;libzstd

> Task :lib:libime:buildCMakeRelWithDebInfo[x86_64][IMECore,IMEPinyin,etc]
C/C++: ninja: Entering directory `/home/runner/work/fcitx5-android/fcitx5-android/lib/libime/.cxx/RelWithDebInfo/6c4k5h6d/x86_64'
C/C++: In file included from /home/runner/work/fcitx5-android/fcitx5-android/lib/libime/src/main/cpp/libime/src/libime/core/kenlm/lm/sizes.cc:2:
C/C++: In file included from /home/runner/work/fcitx5-android/fcitx5-android/lib/libime/src/main/cpp/libime/src/libime/core/kenlm/lm/model.hh:9:
C/C++: /home/runner/work/fcitx5-android/fcitx5-android/lib/libime/src/main/cpp/libime/src/libime/core/kenlm/lm/search_hashed.hh:149:39: warning: unused parameter 'count' [-Wunused-parameter]
C/C++:   149 |         Unigram(void *start, uint64_t count) :
C/C++:       |                                       ^
C/C++: In file included from /home/runner/work/fcitx5-android/fcitx5-android/lib/libime/src/main/cpp/libime/src/libime/core/kenlm/lm/sizes.cc:2:
C/C++: In file included from /home/runner/work/fcitx5-android/fcitx5-android/lib/libime/src/main/cpp/libime/src/libime/core/kenlm/lm/model.hh:13:
C/C++: /home/runner/work/fcitx5-android/fcitx5-android/lib/libime/src/main/cpp/libime/src/libime/core/kenlm/lm/vocab.hh:234:40: warning: unused parameter 'word' [-Wunused-parameter]
C/C++:   234 |     void operator()(const StringPiece &word) {}
C/C++:       |                                        ^
C/C++: 2 warnings generated.
C/C++: In file included from /home/runner/work/fcitx5-android/fcitx5-android/lib/libime/src/main/cpp/libime/src/libime/core/kenlm/lm/model.cc:1:
C/C++: In file included from /home/runner/work/fcitx5-android/fcitx5-android/lib/libime/src/main/cpp/libime/src/libime/core/kenlm/lm/model.hh:9:
C/C++: /home/runner/work/fcitx5-android/fcitx5-android/lib/libime/src/main/cpp/libime/src/libime/core/kenlm/lm/search_hashed.hh:149:39: warning: unused parameter 'count' [-Wunused-parameter]
C/C++:   149 |         Unigram(void *start, uint64_t count) :
C/C++:       |                                       ^
C/C++: In file included from /home/runner/work/fcitx5-android/fcitx5-android/lib/libime/src/main/cpp/libime/src/libime/core/kenlm/lm/model.cc:1:
C/C++: In file included from /home/runner/work/fcitx5-android/fcitx5-android/lib/libime/src/main/cpp/libime/src/libime/core/kenlm/lm/model.hh:13:
C/C++: /home/runner/work/fcitx5-android/fcitx5-android/lib/libime/src/main/cpp/libime/src/libime/core/kenlm/lm/vocab.hh:234:40: warning: unused parameter 'word' [-Wunused-parameter]
C/C++:   234 |     void operator()(const StringPiece &word) {}
C/C++:       |                                        ^
C/C++: 2 warnings generated.
C/C++: In file included from /home/runner/work/fcitx5-android/fcitx5-android/lib/libime/src/main/cpp/libime/src/libime/core/kenlm/lm/search_hashed.cc:1:
C/C++: /home/runner/work/fcitx5-android/fcitx5-android/lib/libime/src/main/cpp/libime/src/libime/core/kenlm/lm/search_hashed.hh:149:39: warning: unused parameter 'count' [-Wunused-parameter]
C/C++:   149 |         Unigram(void *start, uint64_t count) :
C/C++:       |                                       ^
C/C++: In file included from /home/runner/work/fcitx5-android/fcitx5-android/lib/libime/src/main/cpp/libime/src/libime/core/kenlm/lm/search_hashed.cc:6:
C/C++: In file included from /home/runner/work/fcitx5-android/fcitx5-android/lib/libime/src/main/cpp/libime/src/libime/core/kenlm/lm/model.hh:13:
C/C++: /home/runner/work/fcitx5-android/fcitx5-android/lib/libime/src/main/cpp/libime/src/libime/core/kenlm/lm/vocab.hh:234:40: warning: unused parameter 'word' [-Wunused-parameter]
C/C++:   234 |     void operator()(const StringPiece &word) {}
C/C++:       |                                        ^
C/C++: /home/runner/work/fcitx5-android/fcitx5-android/lib/libime/src/main/cpp/libime/src/libime/core/kenlm/lm/search_hashed.cc:244:131: warning: unused parameter 'config' [-Wunused-parameter]
C/C++:   244 | template <> void HashedSearch<BackoffValue>::DispatchBuild(util::FilePiece &f, const std::vector<uint64_t> &counts, const Config &config, const ProbingVocabulary &vocab, PositiveProbWarn &warn) {
C/C++:       |                                                                                                                                   ^
C/C++: 3 warnings generated.
C/C++: In file included from /home/runner/work/fcitx5-android/fcitx5-android/lib/libime/src/main/cpp/libime/src/libime/core/kenlm/lm/value_build.cc:3:
C/C++: In file included from /home/runner/work/fcitx5-android/fcitx5-android/lib/libime/src/main/cpp/libime/src/libime/core/kenlm/lm/model.hh:9:
C/C++: /home/runner/work/fcitx5-android/fcitx5-android/lib/libime/src/main/cpp/libime/src/libime/core/kenlm/lm/search_hashed.hh:149:39: warning: unused parameter 'count' [-Wunused-parameter]
C/C++:   149 |         Unigram(void *start, uint64_t count) :
C/C++:       |                                       ^
C/C++: In file included from /home/runner/work/fcitx5-android/fcitx5-android/lib/libime/src/main/cpp/libime/src/libime/core/kenlm/lm/value_build.cc:3:
C/C++: In file included from /home/runner/work/fcitx5-android/fcitx5-android/lib/libime/src/main/cpp/libime/src/libime/core/kenlm/lm/model.hh:13:
C/C++: /home/runner/work/fcitx5-android/fcitx5-android/lib/libime/src/main/cpp/libime/src/libime/core/kenlm/lm/vocab.hh:234:40: warning: unused parameter 'word' [-Wunused-parameter]
C/C++:   234 |     void operator()(const StringPiece &word) {}
C/C++:       |                                        ^
C/C++: 2 warnings generated.
C/C++: In file included from /home/runner/work/fcitx5-android/fcitx5-android/lib/libime/src/main/cpp/libime/src/libime/core/kenlm/lm/vocab.cc:1:
C/C++: /home/runner/work/fcitx5-android/fcitx5-android/lib/libime/src/main/cpp/libime/src/libime/core/kenlm/lm/vocab.hh:234:40: warning: unused parameter 'word' [-Wunused-parameter]
C/C++:   234 |     void operator()(const StringPiece &word) {}
C/C++:       |                                        ^
C/C++: In file included from /home/runner/work/fcitx5-android/fcitx5-android/lib/libime/src/main/cpp/libime/src/libime/core/kenlm/lm/vocab.cc:11:
C/C++: /home/runner/work/fcitx5-android/fcitx5-android/lib/libime/src/main/cpp/libime/src/libime/core/kenlm/lm/../util/joint_sort.hh:60:19: warning: anonymous non-C-compatible type given name for linkage purposes by typedef declaration; add a tag name here [-Wnon-c-typedef-for-linkage]
C/C++:    60 |     typedef struct {
C/C++:       |                   ^
C/C++:       |                    value_type
C/C++: /home/runner/work/fcitx5-android/fcitx5-android/lib/libime/src/main/cpp/libime/src/libime/core/kenlm/lm/../util/joint_sort.hh:63:7: note: type is not C-compatible due to this member declaration
C/C++:    63 |       const typename std::iterator_traits<KeyIter>::value_type &GetKey() const { return key; }
C/C++:       |       ^~~~~~~~~~~~~~~~~~~~~~~~~~~~~~~~~~~~~~~~~~~~~~~~~~~~~~~~~~~~~~~~~~~~~~~~
C/C++: /home/runner/work/fcitx5-android/fcitx5-android/lib/libime/src/main/cpp/libime/src/libime/core/kenlm/lm/../util/joint_sort.hh:64:7: note: type is given name 'value_type' for linkage purposes by this typedef declaration
C/C++:    64 |     } value_type;
C/C++:       |       ^
C/C++: /home/runner/work/fcitx5-android/fcitx5-android/lib/libime/src/main/cpp/libime/src/libime/core/kenlm/lm/vocab.cc:88:61: warning: unused parameter 'allocated' [-Wunused-parameter]
C/C++:    88 | void SortedVocabulary::SetupMemory(void *start, std::size_t allocated, std::size_t entries, const Config &config) {
C/C++:       |                                                             ^
C/C++: /home/runner/work/fcitx5-android/fcitx5-android/lib/libime/src/main/cpp/libime/src/libime/core/kenlm/lm/vocab.cc:88:84: warning: unused parameter 'entries' [-Wunused-parameter]
C/C++:    88 | void SortedVocabulary::SetupMemory(void *start, std::size_t allocated, std::size_t entries, const Config &config) {
C/C++:       |                                                                                    ^
C/C++: /home/runner/work/fcitx5-android/fcitx5-android/lib/libime/src/main/cpp/libime/src/libime/core/kenlm/lm/vocab.cc:88:107: warning: unused parameter 'config' [-Wunused-parameter]
C/C++:    88 | void SortedVocabulary::SetupMemory(void *start, std::size_t allocated, std::size_t entries, const Config &config) {
C/C++:       |                                                                                                           ^
C/C++: In file included from /home/runner/work/fcitx5-android/fcitx5-android/lib/libime/src/main/cpp/libime/src/libime/core/kenlm/lm/vocab.cc:11:
C/C++: /home/runner/work/fcitx5-android/fcitx5-android/lib/libime/src/main/cpp/libime/src/libime/core/kenlm/lm/../util/joint_sort.hh:104:68: warning: 'binary_function<const util::detail::JointProxy<unsigned long *, util::PairedIterator<lm::ProbBackoff *, StringPiece *>>::value_type &, const util::detail::JointProxy<unsigned long *, util::PairedIterator<lm::ProbBackoff *, StringPiece *>>::value_type &, bool>' is deprecated [-Wdeprecated-declarations]
C/C++:   104 | template <class Proxy, class Less> class LessWrapper : public std::binary_function<const typename Proxy::value_type &, const typename Proxy::value_type &, bool> {
C/C++:       |                                                                    ^
C/C++: /home/runner/work/fcitx5-android/fcitx5-android/lib/libime/src/main/cpp/libime/src/libime/core/kenlm/lm/../util/joint_sort.hh:135:69: note: in instantiation of template class 'util::detail::LessWrapper<util::detail::JointProxy<unsigned long *, util::PairedIterator<lm::ProbBackoff *, StringPiece *>>, std::less<unsigned long>>' requested here
C/C++:   135 |   detail::LessWrapper<detail::JointProxy<KeyIter, ValueIter>, Less> less_wrap(less);
C/C++:       |                                                                     ^
C/C++: /home/runner/work/fcitx5-android/fcitx5-android/lib/libime/src/main/cpp/libime/src/libime/core/kenlm/lm/../util/joint_sort.hh:141:3: note: in instantiation of function template specialization 'util::JointSort<unsigned long *, util::PairedIterator<lm::ProbBackoff *, StringPiece *>, std::less<unsigned long>>' requested here
C/C++:   141 |   JointSort(key_begin, key_end, value_begin, std::less<typename std::iterator_traits<KeyIter>::value_type>());
C/C++:       |   ^
C/C++: /home/runner/work/fcitx5-android/fcitx5-android/lib/libime/src/main/cpp/libime/src/libime/core/kenlm/lm/vocab.cc:199:13: note: in instantiation of function template specialization 'util::JointSort<unsigned long *, util::PairedIterator<lm::ProbBackoff *, StringPiece *>>' requested here
C/C++:   199 |       util::JointSort(begin_, end_, values);
C/C++:       |             ^
C/C++: /home/runner/work/fcitx5-android/fcitx5-android/lib/libime/src/main/cpp/libime/src/libime/core/kenlm/lm/vocab.cc:128:3: note: in instantiation of function template specialization 'lm::ngram::SortedVocabulary::GenericFinished<lm::ProbBackoff>' requested here
C/C++:   128 |   GenericFinished(reorder);
C/C++:       |   ^
C/C++: /usr/local/lib/android/sdk/ndk/28.0.13004108/toolchains/llvm/prebuilt/linux-x86_64/sysroot/usr/include/c++/v1/__functional/binary_function.h:24:29: note: 'binary_function<const util::detail::JointProxy<unsigned long *, util::PairedIterator<lm::ProbBackoff *, StringPiece *>>::value_type &, const util::detail::JointProxy<unsigned long *, util::PairedIterator<lm::ProbBackoff *, StringPiece *>>::value_type &, bool>' has been explicitly marked deprecated here
C/C++:    24 | struct _LIBCPP_TEMPLATE_VIS _LIBCPP_DEPRECATED_IN_CXX11 binary_function {
C/C++:       |                             ^
C/C++: /usr/local/lib/android/sdk/ndk/28.0.13004108/toolchains/llvm/prebuilt/linux-x86_64/sysroot/usr/include/c++/v1/__config:970:41: note: expanded from macro '_LIBCPP_DEPRECATED_IN_CXX11'
C/C++:   970 | #    define _LIBCPP_DEPRECATED_IN_CXX11 _LIBCPP_DEPRECATED
C/C++:       |                                         ^
C/C++: /usr/local/lib/android/sdk/ndk/28.0.13004108/toolchains/llvm/prebuilt/linux-x86_64/sysroot/usr/include/c++/v1/__config:955:49: note: expanded from macro '_LIBCPP_DEPRECATED'
C/C++:   955 | #      define _LIBCPP_DEPRECATED __attribute__((__deprecated__))
C/C++:       |                                                 ^
C/C++: In file included from /home/runner/work/fcitx5-android/fcitx5-android/lib/libime/src/main/cpp/libime/src/libime/core/kenlm/lm/vocab.cc:11:
C/C++: In file included from /home/runner/work/fcitx5-android/fcitx5-android/lib/libime/src/main/cpp/libime/src/libime/core/kenlm/lm/../util/joint_sort.hh:8:
C/C++: /home/runner/work/fcitx5-android/fcitx5-android/lib/libime/src/main/cpp/libime/src/libime/core/kenlm/lm/../util/proxy_iterator.hh:56:8: warning: definition of implicit copy constructor for 'ProxyIterator<util::detail::JointProxy<unsigned long *, util::PairedIterator<lm::ProbBackoff *, StringPiece *>>>' is deprecated because it has a user-provided copy assignment operator [-Wdeprecated-copy-with-user-provided-copy]
C/C++:    56 |     S &operator=(const S &other) {
C/C++:       |        ^
C/C++: /usr/local/lib/android/sdk/ndk/28.0.13004108/toolchains/llvm/prebuilt/linux-x86_64/sysroot/usr/include/c++/v1/__algorithm/sort.h:990:44: note: in implicit copy constructor for 'util::ProxyIterator<util::detail::JointProxy<unsigned long *, util::PairedIterator<lm::ProbBackoff *, StringPiece *>>>' first required here
C/C++:   990 |   std::__debug_randomize_range<_AlgPolicy>(__first, __last);
C/C++:       |                                            ^
C/C++: /usr/local/lib/android/sdk/ndk/28.0.13004108/toolchains/llvm/prebuilt/linux-x86_64/sysroot/usr/include/c++/v1/__algorithm/sort.h:1004:8: note: in instantiation of function template specialization 'std::__sort_impl<std::_ClassicAlgPolicy, util::ProxyIterator<util::detail::JointProxy<unsigned long *, util::PairedIterator<lm::ProbBackoff *, StringPiece *>>>, util::detail::LessWrapper<util::detail::JointProxy<unsigned long *, util::PairedIterator<lm::ProbBackoff *, StringPiece *>>, std::less<unsigned long>>>' requested here
C/C++:  1004 |   std::__sort_impl<_ClassicAlgPolicy>(std::move(__first), std::move(__last), __comp);
C/C++:       |        ^
C/C++: /home/runner/work/fcitx5-android/fcitx5-android/lib/libime/src/main/cpp/libime/src/libime/core/kenlm/lm/../util/joint_sort.hh:136:8: note: in instantiation of function template specialization 'std::sort<util::ProxyIterator<util::detail::JointProxy<unsigned long *, util::PairedIterator<lm::ProbBackoff *, StringPiece *>>>, util::detail::LessWrapper<util::detail::JointProxy<unsigned long *, util::PairedIterator<lm::ProbBackoff *, StringPiece *>>, std::less<unsigned long>>>' requested here
C/C++:   136 |   std::sort(full_begin, full_begin + (key_end - key_begin), less_wrap);
C/C++:       |        ^
C/C++: /home/runner/work/fcitx5-android/fcitx5-android/lib/libime/src/main/cpp/libime/src/libime/core/kenlm/lm/../util/joint_sort.hh:141:3: note: in instantiation of function template specialization 'util::JointSort<unsigned long *, util::PairedIterator<lm::ProbBackoff *, StringPiece *>, std::less<unsigned long>>' requested here
C/C++:   141 |   JointSort(key_begin, key_end, value_begin, std::less<typename std::iterator_traits<KeyIter>::value_type>());
C/C++:       |   ^
C/C++: /home/runner/work/fcitx5-android/fcitx5-android/lib/libime/src/main/cpp/libime/src/libime/core/kenlm/lm/vocab.cc:199:13: note: in instantiation of function template specialization 'util::JointSort<unsigned long *, util::PairedIterator<lm::ProbBackoff *, StringPiece *>>' requested here
C/C++:   199 |       util::JointSort(begin_, end_, values);
C/C++:       |             ^
C/C++: /home/runner/work/fcitx5-android/fcitx5-android/lib/libime/src/main/cpp/libime/src/libime/core/kenlm/lm/vocab.cc:128:3: note: in instantiation of function template specialization 'lm::ngram::SortedVocabulary::GenericFinished<lm::ProbBackoff>' requested here
C/C++:   128 |   GenericFinished(reorder);
C/C++:       |   ^
C/C++: In file included from /home/runner/work/fcitx5-android/fcitx5-android/lib/libime/src/main/cpp/libime/src/libime/core/kenlm/lm/vocab.cc:11:
C/C++: In file included from /home/runner/work/fcitx5-android/fcitx5-android/lib/libime/src/main/cpp/libime/src/libime/core/kenlm/lm/../util/joint_sort.hh:8:
C/C++: /home/runner/work/fcitx5-android/fcitx5-android/lib/libime/src/main/cpp/libime/src/libime/core/kenlm/lm/../util/proxy_iterator.hh:56:8: warning: definition of implicit copy constructor for 'ProxyIterator<util::detail::JointProxy<lm::ProbBackoff *, StringPiece *>>' is deprecated because it has a user-provided copy assignment operator [-Wdeprecated-copy-with-user-provided-copy]
C/C++:    56 |     S &operator=(const S &other) {
C/C++:       |        ^
C/C++: /home/runner/work/fcitx5-android/fcitx5-android/lib/libime/src/main/cpp/libime/src/libime/core/kenlm/lm/../util/joint_sort.hh:127:49: note: in implicit copy constructor for 'util::ProxyIterator<util::detail::JointProxy<lm::ProbBackoff *, StringPiece *>>' first required here
C/C++:   127 | template <class KeyIter, class ValueIter> class PairedIterator : public ProxyIterator<detail::JointProxy<KeyIter, ValueIter> > {
C/C++:       |                                                 ^
C/C++: /home/runner/work/fcitx5-android/fcitx5-android/lib/libime/src/main/cpp/libime/src/libime/core/kenlm/lm/../util/joint_sort.hh:23:87: note: in implicit copy constructor for 'util::PairedIterator<lm::ProbBackoff *, StringPiece *>' first required here
C/C++:    23 |     JointIter(const KeyIter &key_iter, const ValueIter &value_iter) : key_(key_iter), value_(value_iter) {}
C/C++:       |                                                                                       ^
C/C++: /home/runner/work/fcitx5-android/fcitx5-android/lib/libime/src/main/cpp/libime/src/libime/core/kenlm/lm/../util/joint_sort.hh:66:72: note: in instantiation of member function 'util::detail::JointIter<unsigned long *, util::PairedIterator<lm::ProbBackoff *, StringPiece *>>::JointIter' requested here
C/C++:    66 |     JointProxy(const KeyIter &key_iter, const ValueIter &value_iter) : inner_(key_iter, value_iter) {}
C/C++:       |                                                                        ^
C/C++: /home/runner/work/fcitx5-android/fcitx5-android/lib/libime/src/main/cpp/libime/src/libime/core/kenlm/lm/../util/joint_sort.hh:134:69: note: in instantiation of member function 'util::detail::JointProxy<unsigned long *, util::PairedIterator<lm::ProbBackoff *, StringPiece *>>::JointProxy' requested here
C/C++:   134 |   ProxyIterator<detail::JointProxy<KeyIter, ValueIter> > full_begin(detail::JointProxy<KeyIter, ValueIter>(key_begin, value_begin));
C/C++:       |                                                                     ^
C/C++: /home/runner/work/fcitx5-android/fcitx5-android/lib/libime/src/main/cpp/libime/src/libime/core/kenlm/lm/../util/joint_sort.hh:141:3: note: in instantiation of function template specialization 'util::JointSort<unsigned long *, util::PairedIterator<lm::ProbBackoff *, StringPiece *>, std::less<unsigned long>>' requested here
C/C++:   141 |   JointSort(key_begin, key_end, value_begin, std::less<typename std::iterator_traits<KeyIter>::value_type>());
C/C++:       |   ^
C/C++: /home/runner/work/fcitx5-android/fcitx5-android/lib/libime/src/main/cpp/libime/src/libime/core/kenlm/lm/vocab.cc:199:13: note: in instantiation of function template specialization 'util::JointSort<unsigned long *, util::PairedIterator<lm::ProbBackoff *, StringPiece *>>' requested here
C/C++:   199 |       util::JointSort(begin_, end_, values);
C/C++:       |             ^
C/C++: /home/runner/work/fcitx5-android/fcitx5-android/lib/libime/src/main/cpp/libime/src/libime/core/kenlm/lm/vocab.cc:128:3: note: in instantiation of function template specialization 'lm::ngram::SortedVocabulary::GenericFinished<lm::ProbBackoff>' requested here
C/C++:   128 |   GenericFinished(reorder);
C/C++:       |   ^
C/C++: In file included from /home/runner/work/fcitx5-android/fcitx5-android/lib/libime/src/main/cpp/libime/src/libime/core/kenlm/lm/vocab.cc:11:
C/C++: /home/runner/work/fcitx5-android/fcitx5-android/lib/libime/src/main/cpp/libime/src/libime/core/kenlm/lm/../util/joint_sort.hh:104:68: warning: 'binary_function<const util::detail::JointProxy<unsigned long *, lm::ProbBackoff *>::value_type &, const util::detail::JointProxy<unsigned long *, lm::ProbBackoff *>::value_type &, bool>' is deprecated [-Wdeprecated-declarations]
C/C++:   104 | template <class Proxy, class Less> class LessWrapper : public std::binary_function<const typename Proxy::value_type &, const typename Proxy::value_type &, bool> {
C/C++:       |                                                                    ^
C/C++: /home/runner/work/fcitx5-android/fcitx5-android/lib/libime/src/main/cpp/libime/src/libime/core/kenlm/lm/../util/joint_sort.hh:135:69: note: in instantiation of template class 'util::detail::LessWrapper<util::detail::JointProxy<unsigned long *, lm::ProbBackoff *>, std::less<unsigned long>>' requested here
C/C++:   135 |   detail::LessWrapper<detail::JointProxy<KeyIter, ValueIter>, Less> less_wrap(less);
C/C++:       |                                                                     ^
C/C++: /home/runner/work/fcitx5-android/fcitx5-android/lib/libime/src/main/cpp/libime/src/libime/core/kenlm/lm/../util/joint_sort.hh:141:3: note: in instantiation of function template specialization 'util::JointSort<unsigned long *, lm::ProbBackoff *, std::less<unsigned long>>' requested here
C/C++:   141 |   JointSort(key_begin, key_end, value_begin, std::less<typename std::iterator_traits<KeyIter>::value_type>());
C/C++:       |   ^
C/C++: /home/runner/work/fcitx5-android/fcitx5-android/lib/libime/src/main/cpp/libime/src/libime/core/kenlm/lm/vocab.cc:208:11: note: in instantiation of function template specialization 'util::JointSort<unsigned long *, lm::ProbBackoff *>' requested here
C/C++:   208 |     util::JointSort(begin_, end_, reorder + 1);
C/C++:       |           ^
C/C++: /home/runner/work/fcitx5-android/fcitx5-android/lib/libime/src/main/cpp/libime/src/libime/core/kenlm/lm/vocab.cc:128:3: note: in instantiation of function template specialization 'lm::ngram::SortedVocabulary::GenericFinished<lm::ProbBackoff>' requested here
C/C++:   128 |   GenericFinished(reorder);
C/C++:       |   ^
C/C++: /usr/local/lib/android/sdk/ndk/28.0.13004108/toolchains/llvm/prebuilt/linux-x86_64/sysroot/usr/include/c++/v1/__functional/binary_function.h:24:29: note: 'binary_function<const util::detail::JointProxy<unsigned long *, lm::ProbBackoff *>::value_type &, const util::detail::JointProxy<unsigned long *, lm::ProbBackoff *>::value_type &, bool>' has been explicitly marked deprecated here
C/C++:    24 | struct _LIBCPP_TEMPLATE_VIS _LIBCPP_DEPRECATED_IN_CXX11 binary_function {
C/C++:       |                             ^
C/C++: /usr/local/lib/android/sdk/ndk/28.0.13004108/toolchains/llvm/prebuilt/linux-x86_64/sysroot/usr/include/c++/v1/__config:970:41: note: expanded from macro '_LIBCPP_DEPRECATED_IN_CXX11'
C/C++:   970 | #    define _LIBCPP_DEPRECATED_IN_CXX11 _LIBCPP_DEPRECATED
C/C++:       |                                         ^
C/C++: /usr/local/lib/android/sdk/ndk/28.0.13004108/toolchains/llvm/prebuilt/linux-x86_64/sysroot/usr/include/c++/v1/__config:955:49: note: expanded from macro '_LIBCPP_DEPRECATED'
C/C++:   955 | #      define _LIBCPP_DEPRECATED __attribute__((__deprecated__))
C/C++:       |                                                 ^
C/C++: In file included from /home/runner/work/fcitx5-android/fcitx5-android/lib/libime/src/main/cpp/libime/src/libime/core/kenlm/lm/vocab.cc:11:
C/C++: In file included from /home/runner/work/fcitx5-android/fcitx5-android/lib/libime/src/main/cpp/libime/src/libime/core/kenlm/lm/../util/joint_sort.hh:8:
C/C++: /home/runner/work/fcitx5-android/fcitx5-android/lib/libime/src/main/cpp/libime/src/libime/core/kenlm/lm/../util/proxy_iterator.hh:56:8: warning: definition of implicit copy constructor for 'ProxyIterator<util::detail::JointProxy<unsigned long *, lm::ProbBackoff *>>' is deprecated because it has a user-provided copy assignment operator [-Wdeprecated-copy-with-user-provided-copy]
C/C++:    56 |     S &operator=(const S &other) {
C/C++:       |        ^
C/C++: /usr/local/lib/android/sdk/ndk/28.0.13004108/toolchains/llvm/prebuilt/linux-x86_64/sysroot/usr/include/c++/v1/__algorithm/sort.h:990:44: note: in implicit copy constructor for 'util::ProxyIterator<util::detail::JointProxy<unsigned long *, lm::ProbBackoff *>>' first required here
C/C++:   990 |   std::__debug_randomize_range<_AlgPolicy>(__first, __last);
C/C++:       |                                            ^
C/C++: /usr/local/lib/android/sdk/ndk/28.0.13004108/toolchains/llvm/prebuilt/linux-x86_64/sysroot/usr/include/c++/v1/__algorithm/sort.h:1004:8: note: in instantiation of function template specialization 'std::__sort_impl<std::_ClassicAlgPolicy, util::ProxyIterator<util::detail::JointProxy<unsigned long *, lm::ProbBackoff *>>, util::detail::LessWrapper<util::detail::JointProxy<unsigned long *, lm::ProbBackoff *>, std::less<unsigned long>>>' requested here
C/C++:  1004 |   std::__sort_impl<_ClassicAlgPolicy>(std::move(__first), std::move(__last), __comp);
C/C++:       |        ^
C/C++: /home/runner/work/fcitx5-android/fcitx5-android/lib/libime/src/main/cpp/libime/src/libime/core/kenlm/lm/../util/joint_sort.hh:136:8: note: in instantiation of function template specialization 'std::sort<util::ProxyIterator<util::detail::JointProxy<unsigned long *, lm::ProbBackoff *>>, util::detail::LessWrapper<util::detail::JointProxy<unsigned long *, lm::ProbBackoff *>, std::less<unsigned long>>>' requested here
C/C++:   136 |   std::sort(full_begin, full_begin + (key_end - key_begin), less_wrap);
C/C++:       |        ^
C/C++: /home/runner/work/fcitx5-android/fcitx5-android/lib/libime/src/main/cpp/libime/src/libime/core/kenlm/lm/../util/joint_sort.hh:141:3: note: in instantiation of function template specialization 'util::JointSort<unsigned long *, lm::ProbBackoff *, std::less<unsigned long>>' requested here
C/C++:   141 |   JointSort(key_begin, key_end, value_begin, std::less<typename std::iterator_traits<KeyIter>::value_type>());
C/C++:       |   ^
C/C++: /home/runner/work/fcitx5-android/fcitx5-android/lib/libime/src/main/cpp/libime/src/libime/core/kenlm/lm/vocab.cc:208:11: note: in instantiation of function template specialization 'util::JointSort<unsigned long *, lm::ProbBackoff *>' requested here
C/C++:   208 |     util::JointSort(begin_, end_, reorder + 1);
C/C++:       |           ^
C/C++: /home/runner/work/fcitx5-android/fcitx5-android/lib/libime/src/main/cpp/libime/src/libime/core/kenlm/lm/vocab.cc:128:3: note: in instantiation of function template specialization 'lm::ngram::SortedVocabulary::GenericFinished<lm::ProbBackoff>' requested here
C/C++:   128 |   GenericFinished(reorder);
C/C++:       |   ^
C/C++: 10 warnings generated.
C/C++: In file included from /home/runner/work/fcitx5-android/fcitx5-android/lib/libime/src/main/cpp/libime/src/libime/core/kenlm/lm/trie_sort.cc:1:
C/C++: /home/runner/work/fcitx5-android/fcitx5-android/lib/libime/src/main/cpp/libime/src/libime/core/kenlm/lm/trie_sort.hh:31:34: warning: 'binary_function<const void *, const void *, bool>' is deprecated [-Wdeprecated-declarations]
C/C++:    31 | class EntryCompare : public std::binary_function<const void*, const void*, bool> {
C/C++:       |                                  ^
C/C++: /usr/local/lib/android/sdk/ndk/28.0.13004108/toolchains/llvm/prebuilt/linux-x86_64/sysroot/usr/include/c++/v1/__functional/binary_function.h:24:29: note: 'binary_function<const void *, const void *, bool>' has been explicitly marked deprecated here
C/C++:    24 | struct _LIBCPP_TEMPLATE_VIS _LIBCPP_DEPRECATED_IN_CXX11 binary_function {
C/C++:       |                             ^
C/C++: /usr/local/lib/android/sdk/ndk/28.0.13004108/toolchains/llvm/prebuilt/linux-x86_64/sysroot/usr/include/c++/v1/__config:970:41: note: expanded from macro '_LIBCPP_DEPRECATED_IN_CXX11'
C/C++:   970 | #    define _LIBCPP_DEPRECATED_IN_CXX11 _LIBCPP_DEPRECATED
C/C++:       |                                         ^
C/C++: /usr/local/lib/android/sdk/ndk/28.0.13004108/toolchains/llvm/prebuilt/linux-x86_64/sysroot/usr/include/c++/v1/__config:955:49: note: expanded from macro '_LIBCPP_DEPRECATED'
C/C++:   955 | #      define _LIBCPP_DEPRECATED __attribute__((__deprecated__))
C/C++:       |                                                 ^
C/C++: In file included from /home/runner/work/fcitx5-android/fcitx5-android/lib/libime/src/main/cpp/libime/src/libime/core/kenlm/lm/trie_sort.cc:6:
C/C++: /home/runner/work/fcitx5-android/fcitx5-android/lib/libime/src/main/cpp/libime/src/libime/core/kenlm/lm/vocab.hh:234:40: warning: unused parameter 'word' [-Wunused-parameter]
C/C++:   234 |     void operator()(const StringPiece &word) {}
C/C++:       |                                        ^
C/C++: In file included from /home/runner/work/fcitx5-android/fcitx5-android/lib/libime/src/main/cpp/libime/src/libime/core/kenlm/lm/trie_sort.cc:13:
C/C++: /home/runner/work/fcitx5-android/fcitx5-android/lib/libime/src/main/cpp/libime/src/libime/core/kenlm/lm/../util/sized_iterator.hh:130:86: warning: 'binary_function<const lm::ngram::trie::(anonymous namespace)::PartialViewProxy &, const lm::ngram::trie::(anonymous namespace)::PartialViewProxy &, bool>' is deprecated [-Wdeprecated-declarations]
C/C++:   130 | template <class Delegate, class Proxy = SizedProxy> class SizedCompare : public std::binary_function<const Proxy &, const Proxy &, bool> {
C/C++:       |                                                                                      ^
C/C++: /home/runner/work/fcitx5-android/fcitx5-android/lib/libime/src/main/cpp/libime/src/libime/core/kenlm/lm/trie_sort.cc:104:34: note: in instantiation of template class 'util::SizedCompare<lm::ngram::trie::EntryCompare, lm::ngram::trie::(anonymous namespace)::PartialViewProxy>' requested here
C/C++:   104 |     (context_begin, context_end, util::SizedCompare<EntryCompare, PartialViewProxy>(EntryCompare(order - 1)));
C/C++:       |                                  ^
C/C++: /usr/local/lib/android/sdk/ndk/28.0.13004108/toolchains/llvm/prebuilt/linux-x86_64/sysroot/usr/include/c++/v1/__functional/binary_function.h:24:29: note: 'binary_function<const lm::ngram::trie::(anonymous namespace)::PartialViewProxy &, const lm::ngram::trie::(anonymous namespace)::PartialViewProxy &, bool>' has been explicitly marked deprecated here
C/C++:    24 | struct _LIBCPP_TEMPLATE_VIS _LIBCPP_DEPRECATED_IN_CXX11 binary_function {
C/C++:       |                             ^
C/C++: /usr/local/lib/android/sdk/ndk/28.0.13004108/toolchains/llvm/prebuilt/linux-x86_64/sysroot/usr/include/c++/v1/__config:970:41: note: expanded from macro '_LIBCPP_DEPRECATED_IN_CXX11'
C/C++:   970 | #    define _LIBCPP_DEPRECATED_IN_CXX11 _LIBCPP_DEPRECATED
C/C++:       |                                         ^
C/C++: /usr/local/lib/android/sdk/ndk/28.0.13004108/toolchains/llvm/prebuilt/linux-x86_64/sysroot/usr/include/c++/v1/__config:955:49: note: expanded from macro '_LIBCPP_DEPRECATED'
C/C++:   955 | #      define _LIBCPP_DEPRECATED __attribute__((__deprecated__))
C/C++:       |                                                 ^
C/C++: In file included from /home/runner/work/fcitx5-android/fcitx5-android/lib/libime/src/main/cpp/libime/src/libime/core/kenlm/lm/trie_sort.cc:12:
C/C++: /home/runner/work/fcitx5-android/fcitx5-android/lib/libime/src/main/cpp/libime/src/libime/core/kenlm/lm/../util/proxy_iterator.hh:56:8: warning: definition of implicit copy constructor for 'ProxyIterator<lm::ngram::trie::(anonymous namespace)::PartialViewProxy>' is deprecated because it has a user-provided copy assignment operator [-Wdeprecated-copy-with-user-provided-copy]
C/C++:    56 |     S &operator=(const S &other) {
C/C++:       |        ^
C/C++: /usr/local/lib/android/sdk/ndk/28.0.13004108/toolchains/llvm/prebuilt/linux-x86_64/sysroot/usr/include/c++/v1/__algorithm/sort.h:990:44: note: in implicit copy constructor for 'util::ProxyIterator<lm::ngram::trie::(anonymous namespace)::PartialViewProxy>' first required here
C/C++:   990 |   std::__debug_randomize_range<_AlgPolicy>(__first, __last);
C/C++:       |                                            ^
C/C++: /usr/local/lib/android/sdk/ndk/28.0.13004108/toolchains/llvm/prebuilt/linux-x86_64/sysroot/usr/include/c++/v1/__algorithm/sort.h:1004:8: note: in instantiation of function template specialization 'std::__sort_impl<std::_ClassicAlgPolicy, util::ProxyIterator<lm::ngram::trie::(anonymous namespace)::PartialViewProxy>, util::SizedCompare<lm::ngram::trie::EntryCompare, lm::ngram::trie::(anonymous namespace)::PartialViewProxy>>' requested here
C/C++:  1004 |   std::__sort_impl<_ClassicAlgPolicy>(std::move(__first), std::move(__last), __comp);
C/C++:       |        ^
C/C++: /home/runner/work/fcitx5-android/fcitx5-android/lib/libime/src/main/cpp/libime/src/libime/core/kenlm/lm/trie_sort.cc:102:8: note: in instantiation of function template specialization 'std::sort<util::ProxyIterator<lm::ngram::trie::(anonymous namespace)::PartialViewProxy>, util::SizedCompare<lm::ngram::trie::EntryCompare, lm::ngram::trie::(anonymous namespace)::PartialViewProxy>>' requested here
C/C++:   102 |   std::sort
C/C++:       |        ^
C/C++: /home/runner/work/fcitx5-android/fcitx5-android/lib/libime/src/main/cpp/libime/src/libime/core/kenlm/lm/trie_sort.cc:42:23: warning: definition of implicit copy constructor for 'PartialViewProxy' is deprecated because it has a user-provided copy assignment operator [-Wdeprecated-copy-with-user-provided-copy]
C/C++:    42 |     PartialViewProxy &operator=(const PartialViewProxy &from) {
C/C++:       |                       ^
C/C++: /home/runner/work/fcitx5-android/fcitx5-android/lib/libime/src/main/cpp/libime/src/libime/core/kenlm/lm/../util/proxy_iterator.hh:31:30: note: in implicit copy constructor for 'lm::ngram::trie::(anonymous namespace)::PartialViewProxy' first required here
C/C++:    31 | template <class Proxy> class ProxyIterator {
C/C++:       |                              ^
C/C++: /usr/local/lib/android/sdk/ndk/28.0.13004108/toolchains/llvm/prebuilt/linux-x86_64/sysroot/usr/include/c++/v1/__algorithm/sort.h:990:44: note: in implicit copy constructor for 'util::ProxyIterator<lm::ngram::trie::(anonymous namespace)::PartialViewProxy>' first required here
C/C++:   990 |   std::__debug_randomize_range<_AlgPolicy>(__first, __last);
C/C++:       |                                            ^
C/C++: /usr/local/lib/android/sdk/ndk/28.0.13004108/toolchains/llvm/prebuilt/linux-x86_64/sysroot/usr/include/c++/v1/__algorithm/sort.h:1004:8: note: in instantiation of function template specialization 'std::__sort_impl<std::_ClassicAlgPolicy, util::ProxyIterator<lm::ngram::trie::(anonymous namespace)::PartialViewProxy>, util::SizedCompare<lm::ngram::trie::EntryCompare, lm::ngram::trie::(anonymous namespace)::PartialViewProxy>>' requested here
C/C++:  1004 |   std::__sort_impl<_ClassicAlgPolicy>(std::move(__first), std::move(__last), __comp);
C/C++:       |        ^
C/C++: /home/runner/work/fcitx5-android/fcitx5-android/lib/libime/src/main/cpp/libime/src/libime/core/kenlm/lm/trie_sort.cc:102:8: note: in instantiation of function template specialization 'std::sort<util::ProxyIterator<lm::ngram::trie::(anonymous namespace)::PartialViewProxy>, util::SizedCompare<lm::ngram::trie::EntryCompare, lm::ngram::trie::(anonymous namespace)::PartialViewProxy>>' requested here
C/C++:   102 |   std::sort
C/C++:       |        ^
C/C++: /home/runner/work/fcitx5-android/fcitx5-android/lib/libime/src/main/cpp/libime/src/libime/core/kenlm/lm/trie_sort.cc:124:31: warning: unused parameter 'entry_size' [-Wunused-parameter]
C/C++:   124 |   void operator()(std::size_t entry_size, unsigned char order, const void *first, const void *second, FILE * /*out*/) const {
C/C++:       |                               ^
C/C++: /home/runner/work/fcitx5-android/fcitx5-android/lib/libime/src/main/cpp/libime/src/libime/core/kenlm/lm/trie_sort.cc:124:95: warning: unused parameter 'second' [-Wunused-parameter]
C/C++:   124 |   void operator()(std::size_t entry_size, unsigned char order, const void *first, const void *second, FILE * /*out*/) const {
C/C++:       |                                                                                               ^
C/C++: In file included from /home/runner/work/fcitx5-android/fcitx5-android/lib/libime/src/main/cpp/libime/src/libime/core/kenlm/lm/trie_sort.cc:13:
C/C++: /home/runner/work/fcitx5-android/fcitx5-android/lib/libime/src/main/cpp/libime/src/libime/core/kenlm/lm/../util/sized_iterator.hh:90:17: warning: definition of implicit copy constructor for 'SizedProxy' is deprecated because it has a user-provided copy assignment operator [-Wdeprecated-copy-with-user-provided-copy]
C/C++:    90 |     SizedProxy &operator=(const SizedProxy &from) {
C/C++:       |                 ^
C/C++: /home/runner/work/fcitx5-android/fcitx5-android/lib/libime/src/main/cpp/libime/src/libime/core/kenlm/lm/../util/proxy_iterator.hh:80:38: note: in implicit copy constructor for 'util::SizedProxy' first required here
C/C++:    80 |     Proxy operator*() const { return p_; }
C/C++:       |                                      ^
C/C++: /home/runner/work/fcitx5-android/fcitx5-android/lib/libime/src/main/cpp/libime/src/libime/core/kenlm/lm/../util/sized_iterator.hh:212:14: note: in instantiation of member function 'util::ProxyIterator<util::SizedProxy>::operator*' requested here
C/C++:   212 |   util::swap(*first, *second);
C/C++:       |              ^
C/C++: /home/runner/work/fcitx5-android/fcitx5-android/lib/libime/src/main/cpp/libime/src/libime/core/kenlm/lm/../util/sized_iterator.hh:157:71: warning: 'binary_function<const util::JustPOD<4> &, const util::JustPOD<4> &, bool>' is deprecated [-Wdeprecated-declarations]
C/C++:   157 | template <class Delegate, unsigned Size> class JustPODDelegate : std::binary_function<const JustPOD<Size> &, const JustPOD<Size> &, bool> {
C/C++:       |                                                                       ^
C/C++: /home/runner/work/fcitx5-android/fcitx5-android/lib/libime/src/main/cpp/libime/src/libime/core/kenlm/lm/../util/sized_iterator.hh:175:5: note: in instantiation of template class 'util::JustPODDelegate<lm::ngram::trie::EntryCompare, 4>' requested here
C/C++:   175 |     UTIL_SORT_SPECIALIZE(4);
C/C++:       |     ^
C/C++: /home/runner/work/fcitx5-android/fcitx5-android/lib/libime/src/main/cpp/libime/src/libime/core/kenlm/lm/../util/sized_iterator.hh:169:85: note: expanded from macro 'UTIL_SORT_SPECIALIZE'
C/C++:   169 |     std::sort(static_cast<JustPOD<Size>*>(start), static_cast<JustPOD<Size>*>(end), JustPODDelegate<Compare, Size>(compare)); \
C/C++:       |                                                                                     ^
C/C++: /home/runner/work/fcitx5-android/fcitx5-android/lib/libime/src/main/cpp/libime/src/libime/core/kenlm/lm/trie_sort.cc:282:11: note: in instantiation of function template specialization 'util::SizedSort<lm::ngram::trie::EntryCompare>' requested here
C/C++:   282 |     util::SizedSort(begin, out_end, entry_size, EntryCompare(order));
C/C++:       |           ^
C/C++: /usr/local/lib/android/sdk/ndk/28.0.13004108/toolchains/llvm/prebuilt/linux-x86_64/sysroot/usr/include/c++/v1/__functional/binary_function.h:24:29: note: 'binary_function<const util::JustPOD<4> &, const util::JustPOD<4> &, bool>' has been explicitly marked deprecated here
C/C++:    24 | struct _LIBCPP_TEMPLATE_VIS _LIBCPP_DEPRECATED_IN_CXX11 binary_function {
C/C++:       |                             ^
C/C++: /usr/local/lib/android/sdk/ndk/28.0.13004108/toolchains/llvm/prebuilt/linux-x86_64/sysroot/usr/include/c++/v1/__config:970:41: note: expanded from macro '_LIBCPP_DEPRECATED_IN_CXX11'
C/C++:   970 | #    define _LIBCPP_DEPRECATED_IN_CXX11 _LIBCPP_DEPRECATED
C/C++:       |                                         ^
C/C++: /usr/local/lib/android/sdk/ndk/28.0.13004108/toolchains/llvm/prebuilt/linux-x86_64/sysroot/usr/include/c++/v1/__config:955:49: note: expanded from macro '_LIBCPP_DEPRECATED'
C/C++:   955 | #      define _LIBCPP_DEPRECATED __attribute__((__deprecated__))
C/C++:       |                                                 ^
C/C++: In file included from /home/runner/work/fcitx5-android/fcitx5-android/lib/libime/src/main/cpp/libime/src/libime/core/kenlm/lm/trie_sort.cc:13:
C/C++: /home/runner/work/fcitx5-android/fcitx5-android/lib/libime/src/main/cpp/libime/src/libime/core/kenlm/lm/../util/sized_iterator.hh:157:71: warning: 'binary_function<const util::JustPOD<8> &, const util::JustPOD<8> &, bool>' is deprecated [-Wdeprecated-declarations]
C/C++:   157 | template <class Delegate, unsigned Size> class JustPODDelegate : std::binary_function<const JustPOD<Size> &, const JustPOD<Size> &, bool> {
C/C++:       |                                                                       ^
C/C++: /home/runner/work/fcitx5-android/fcitx5-android/lib/libime/src/main/cpp/libime/src/libime/core/kenlm/lm/../util/sized_iterator.hh:176:5: note: in instantiation of template class 'util::JustPODDelegate<lm::ngram::trie::EntryCompare, 8>' requested here
C/C++:   176 |     UTIL_SORT_SPECIALIZE(8);
C/C++:       |     ^
C/C++: /home/runner/work/fcitx5-android/fcitx5-android/lib/libime/src/main/cpp/libime/src/libime/core/kenlm/lm/../util/sized_iterator.hh:169:85: note: expanded from macro 'UTIL_SORT_SPECIALIZE'
C/C++:   169 |     std::sort(static_cast<JustPOD<Size>*>(start), static_cast<JustPOD<Size>*>(end), JustPODDelegate<Compare, Size>(compare)); \
C/C++:       |                                                                                     ^
C/C++: /home/runner/work/fcitx5-android/fcitx5-android/lib/libime/src/main/cpp/libime/src/libime/core/kenlm/lm/trie_sort.cc:282:11: note: in instantiation of function template specialization 'util::SizedSort<lm::ngram::trie::EntryCompare>' requested here
C/C++:   282 |     util::SizedSort(begin, out_end, entry_size, EntryCompare(order));
C/C++:       |           ^
C/C++: /usr/local/lib/android/sdk/ndk/28.0.13004108/toolchains/llvm/prebuilt/linux-x86_64/sysroot/usr/include/c++/v1/__functional/binary_function.h:24:29: note: 'binary_function<const util::JustPOD<8> &, const util::JustPOD<8> &, bool>' has been explicitly marked deprecated here
C/C++:    24 | struct _LIBCPP_TEMPLATE_VIS _LIBCPP_DEPRECATED_IN_CXX11 binary_function {
C/C++:       |                             ^
C/C++: /usr/local/lib/android/sdk/ndk/28.0.13004108/toolchains/llvm/prebuilt/linux-x86_64/sysroot/usr/include/c++/v1/__config:970:41: note: expanded from macro '_LIBCPP_DEPRECATED_IN_CXX11'
C/C++:   970 | #    define _LIBCPP_DEPRECATED_IN_CXX11 _LIBCPP_DEPRECATED
C/C++:       |                                         ^
C/C++: /usr/local/lib/android/sdk/ndk/28.0.13004108/toolchains/llvm/prebuilt/linux-x86_64/sysroot/usr/include/c++/v1/__config:955:49: note: expanded from macro '_LIBCPP_DEPRECATED'
C/C++:   955 | #      define _LIBCPP_DEPRECATED __attribute__((__deprecated__))
C/C++:       |                                                 ^
C/C++: In file included from /home/runner/work/fcitx5-android/fcitx5-android/lib/libime/src/main/cpp/libime/src/libime/core/kenlm/lm/trie_sort.cc:13:
C/C++: /home/runner/work/fcitx5-android/fcitx5-android/lib/libime/src/main/cpp/libime/src/libime/core/kenlm/lm/../util/sized_iterator.hh:157:71: warning: 'binary_function<const util::JustPOD<12> &, const util::JustPOD<12> &, bool>' is deprecated [-Wdeprecated-declarations]
C/C++:   157 | template <class Delegate, unsigned Size> class JustPODDelegate : std::binary_function<const JustPOD<Size> &, const JustPOD<Size> &, bool> {
C/C++:       |                                                                       ^
C/C++: /home/runner/work/fcitx5-android/fcitx5-android/lib/libime/src/main/cpp/libime/src/libime/core/kenlm/lm/../util/sized_iterator.hh:177:5: note: in instantiation of template class 'util::JustPODDelegate<lm::ngram::trie::EntryCompare, 12>' requested here
C/C++:   177 |     UTIL_SORT_SPECIALIZE(12);
C/C++:       |     ^
C/C++: /home/runner/work/fcitx5-android/fcitx5-android/lib/libime/src/main/cpp/libime/src/libime/core/kenlm/lm/../util/sized_iterator.hh:169:85: note: expanded from macro 'UTIL_SORT_SPECIALIZE'
C/C++:   169 |     std::sort(static_cast<JustPOD<Size>*>(start), static_cast<JustPOD<Size>*>(end), JustPODDelegate<Compare, Size>(compare)); \
C/C++:       |                                                                                     ^
C/C++: /home/runner/work/fcitx5-android/fcitx5-android/lib/libime/src/main/cpp/libime/src/libime/core/kenlm/lm/trie_sort.cc:282:11: note: in instantiation of function template specialization 'util::SizedSort<lm::ngram::trie::EntryCompare>' requested here
C/C++:   282 |     util::SizedSort(begin, out_end, entry_size, EntryCompare(order));
C/C++:       |           ^
C/C++: /usr/local/lib/android/sdk/ndk/28.0.13004108/toolchains/llvm/prebuilt/linux-x86_64/sysroot/usr/include/c++/v1/__functional/binary_function.h:24:29: note: 'binary_function<const util::JustPOD<12> &, const util::JustPOD<12> &, bool>' has been explicitly marked deprecated here
C/C++:    24 | struct _LIBCPP_TEMPLATE_VIS _LIBCPP_DEPRECATED_IN_CXX11 binary_function {
C/C++:       |                             ^
C/C++: /usr/local/lib/android/sdk/ndk/28.0.13004108/toolchains/llvm/prebuilt/linux-x86_64/sysroot/usr/include/c++/v1/__config:970:41: note: expanded from macro '_LIBCPP_DEPRECATED_IN_CXX11'
C/C++:   970 | #    define _LIBCPP_DEPRECATED_IN_CXX11 _LIBCPP_DEPRECATED
C/C++:       |                                         ^
C/C++: /usr/local/lib/android/sdk/ndk/28.0.13004108/toolchains/llvm/prebuilt/linux-x86_64/sysroot/usr/include/c++/v1/__config:955:49: note: expanded from macro '_LIBCPP_DEPRECATED'
C/C++:   955 | #      define _LIBCPP_DEPRECATED __attribute__((__deprecated__))
C/C++:       |                                                 ^
C/C++: In file included from /home/runner/work/fcitx5-android/fcitx5-android/lib/libime/src/main/cpp/libime/src/libime/core/kenlm/lm/trie_sort.cc:13:
C/C++: /home/runner/work/fcitx5-android/fcitx5-android/lib/libime/src/main/cpp/libime/src/libime/core/kenlm/lm/../util/sized_iterator.hh:157:71: warning: 'binary_function<const util::JustPOD<16> &, const util::JustPOD<16> &, bool>' is deprecated [-Wdeprecated-declarations]
C/C++:   157 | template <class Delegate, unsigned Size> class JustPODDelegate : std::binary_function<const JustPOD<Size> &, const JustPOD<Size> &, bool> {
C/C++:       |                                                                       ^
C/C++: /home/runner/work/fcitx5-android/fcitx5-android/lib/libime/src/main/cpp/libime/src/libime/core/kenlm/lm/../util/sized_iterator.hh:178:5: note: in instantiation of template class 'util::JustPODDelegate<lm::ngram::trie::EntryCompare, 16>' requested here
C/C++:   178 |     UTIL_SORT_SPECIALIZE(16);
C/C++:       |     ^
C/C++: /home/runner/work/fcitx5-android/fcitx5-android/lib/libime/src/main/cpp/libime/src/libime/core/kenlm/lm/../util/sized_iterator.hh:169:85: note: expanded from macro 'UTIL_SORT_SPECIALIZE'
C/C++:   169 |     std::sort(static_cast<JustPOD<Size>*>(start), static_cast<JustPOD<Size>*>(end), JustPODDelegate<Compare, Size>(compare)); \
C/C++:       |                                                                                     ^
C/C++: /home/runner/work/fcitx5-android/fcitx5-android/lib/libime/src/main/cpp/libime/src/libime/core/kenlm/lm/trie_sort.cc:282:11: note: in instantiation of function template specialization 'util::SizedSort<lm::ngram::trie::EntryCompare>' requested here
C/C++:   282 |     util::SizedSort(begin, out_end, entry_size, EntryCompare(order));
C/C++:       |           ^
C/C++: /usr/local/lib/android/sdk/ndk/28.0.13004108/toolchains/llvm/prebuilt/linux-x86_64/sysroot/usr/include/c++/v1/__functional/binary_function.h:24:29: note: 'binary_function<const util::JustPOD<16> &, const util::JustPOD<16> &, bool>' has been explicitly marked deprecated here
C/C++:    24 | struct _LIBCPP_TEMPLATE_VIS _LIBCPP_DEPRECATED_IN_CXX11 binary_function {
C/C++:       |                             ^
C/C++: /usr/local/lib/android/sdk/ndk/28.0.13004108/toolchains/llvm/prebuilt/linux-x86_64/sysroot/usr/include/c++/v1/__config:970:41: note: expanded from macro '_LIBCPP_DEPRECATED_IN_CXX11'
C/C++:   970 | #    define _LIBCPP_DEPRECATED_IN_CXX11 _LIBCPP_DEPRECATED
C/C++:       |                                         ^
C/C++: /usr/local/lib/android/sdk/ndk/28.0.13004108/toolchains/llvm/prebuilt/linux-x86_64/sysroot/usr/include/c++/v1/__config:955:49: note: expanded from macro '_LIBCPP_DEPRECATED'
C/C++:   955 | #      define _LIBCPP_DEPRECATED __attribute__((__deprecated__))
C/C++:       |                                                 ^
C/C++: In file included from /home/runner/work/fcitx5-android/fcitx5-android/lib/libime/src/main/cpp/libime/src/libime/core/kenlm/lm/trie_sort.cc:13:
C/C++: /home/runner/work/fcitx5-android/fcitx5-android/lib/libime/src/main/cpp/libime/src/libime/core/kenlm/lm/../util/sized_iterator.hh:157:71: warning: 'binary_function<const util::JustPOD<17> &, const util::JustPOD<17> &, bool>' is deprecated [-Wdeprecated-declarations]
C/C++:   157 | template <class Delegate, unsigned Size> class JustPODDelegate : std::binary_function<const JustPOD<Size> &, const JustPOD<Size> &, bool> {
C/C++:       |                                                                       ^
C/C++: /home/runner/work/fcitx5-android/fcitx5-android/lib/libime/src/main/cpp/libime/src/libime/core/kenlm/lm/../util/sized_iterator.hh:179:5: note: in instantiation of template class 'util::JustPODDelegate<lm::ngram::trie::EntryCompare, 17>' requested here
C/C++:   179 |     UTIL_SORT_SPECIALIZE(17); // This is used by interpolation.
C/C++:       |     ^
C/C++: /home/runner/work/fcitx5-android/fcitx5-android/lib/libime/src/main/cpp/libime/src/libime/core/kenlm/lm/../util/sized_iterator.hh:169:85: note: expanded from macro 'UTIL_SORT_SPECIALIZE'
C/C++:   169 |     std::sort(static_cast<JustPOD<Size>*>(start), static_cast<JustPOD<Size>*>(end), JustPODDelegate<Compare, Size>(compare)); \
C/C++:       |                                                                                     ^
C/C++: /home/runner/work/fcitx5-android/fcitx5-android/lib/libime/src/main/cpp/libime/src/libime/core/kenlm/lm/trie_sort.cc:282:11: note: in instantiation of function template specialization 'util::SizedSort<lm::ngram::trie::EntryCompare>' requested here
C/C++:   282 |     util::SizedSort(begin, out_end, entry_size, EntryCompare(order));
C/C++:       |           ^
C/C++: /usr/local/lib/android/sdk/ndk/28.0.13004108/toolchains/llvm/prebuilt/linux-x86_64/sysroot/usr/include/c++/v1/__functional/binary_function.h:24:29: note: 'binary_function<const util::JustPOD<17> &, const util::JustPOD<17> &, bool>' has been explicitly marked deprecated here
C/C++:    24 | struct _LIBCPP_TEMPLATE_VIS _LIBCPP_DEPRECATED_IN_CXX11 binary_function {
C/C++:       |                             ^
C/C++: /usr/local/lib/android/sdk/ndk/28.0.13004108/toolchains/llvm/prebuilt/linux-x86_64/sysroot/usr/include/c++/v1/__config:970:41: note: expanded from macro '_LIBCPP_DEPRECATED_IN_CXX11'
C/C++:   970 | #    define _LIBCPP_DEPRECATED_IN_CXX11 _LIBCPP_DEPRECATED
C/C++:       |                                         ^
C/C++: /usr/local/lib/android/sdk/ndk/28.0.13004108/toolchains/llvm/prebuilt/linux-x86_64/sysroot/usr/include/c++/v1/__config:955:49: note: expanded from macro '_LIBCPP_DEPRECATED'
C/C++:   955 | #      define _LIBCPP_DEPRECATED __attribute__((__deprecated__))
C/C++:       |                                                 ^
C/C++: In file included from /home/runner/work/fcitx5-android/fcitx5-android/lib/libime/src/main/cpp/libime/src/libime/core/kenlm/lm/trie_sort.cc:13:
C/C++: /home/runner/work/fcitx5-android/fcitx5-android/lib/libime/src/main/cpp/libime/src/libime/core/kenlm/lm/../util/sized_iterator.hh:157:71: warning: 'binary_function<const util::JustPOD<20> &, const util::JustPOD<20> &, bool>' is deprecated [-Wdeprecated-declarations]
C/C++:   157 | template <class Delegate, unsigned Size> class JustPODDelegate : std::binary_function<const JustPOD<Size> &, const JustPOD<Size> &, bool> {
C/C++:       |                                                                       ^
C/C++: /home/runner/work/fcitx5-android/fcitx5-android/lib/libime/src/main/cpp/libime/src/libime/core/kenlm/lm/../util/sized_iterator.hh:180:5: note: in instantiation of template class 'util::JustPODDelegate<lm::ngram::trie::EntryCompare, 20>' requested here
C/C++:   180 |     UTIL_SORT_SPECIALIZE(20);
C/C++:       |     ^
C/C++: /home/runner/work/fcitx5-android/fcitx5-android/lib/libime/src/main/cpp/libime/src/libime/core/kenlm/lm/../util/sized_iterator.hh:169:85: note: expanded from macro 'UTIL_SORT_SPECIALIZE'
C/C++:   169 |     std::sort(static_cast<JustPOD<Size>*>(start), static_cast<JustPOD<Size>*>(end), JustPODDelegate<Compare, Size>(compare)); \
C/C++:       |                                                                                     ^
C/C++: /home/runner/work/fcitx5-android/fcitx5-android/lib/libime/src/main/cpp/libime/src/libime/core/kenlm/lm/trie_sort.cc:282:11: note: in instantiation of function template specialization 'util::SizedSort<lm::ngram::trie::EntryCompare>' requested here
C/C++:   282 |     util::SizedSort(begin, out_end, entry_size, EntryCompare(order));
C/C++:       |           ^
C/C++: /usr/local/lib/android/sdk/ndk/28.0.13004108/toolchains/llvm/prebuilt/linux-x86_64/sysroot/usr/include/c++/v1/__functional/binary_function.h:24:29: note: 'binary_function<const util::JustPOD<20> &, const util::JustPOD<20> &, bool>' has been explicitly marked deprecated here
C/C++:    24 | struct _LIBCPP_TEMPLATE_VIS _LIBCPP_DEPRECATED_IN_CXX11 binary_function {
C/C++:       |                             ^
C/C++: /usr/local/lib/android/sdk/ndk/28.0.13004108/toolchains/llvm/prebuilt/linux-x86_64/sysroot/usr/include/c++/v1/__config:970:41: note: expanded from macro '_LIBCPP_DEPRECATED_IN_CXX11'
C/C++:   970 | #    define _LIBCPP_DEPRECATED_IN_CXX11 _LIBCPP_DEPRECATED
C/C++:       |                                         ^
C/C++: /usr/local/lib/android/sdk/ndk/28.0.13004108/toolchains/llvm/prebuilt/linux-x86_64/sysroot/usr/include/c++/v1/__config:955:49: note: expanded from macro '_LIBCPP_DEPRECATED'
C/C++:   955 | #      define _LIBCPP_DEPRECATED __attribute__((__deprecated__))
C/C++:       |                                                 ^
C/C++: In file included from /home/runner/work/fcitx5-android/fcitx5-android/lib/libime/src/main/cpp/libime/src/libime/core/kenlm/lm/trie_sort.cc:13:
C/C++: /home/runner/work/fcitx5-android/fcitx5-android/lib/libime/src/main/cpp/libime/src/libime/core/kenlm/lm/../util/sized_iterator.hh:157:71: warning: 'binary_function<const util::JustPOD<24> &, const util::JustPOD<24> &, bool>' is deprecated [-Wdeprecated-declarations]
C/C++:   157 | template <class Delegate, unsigned Size> class JustPODDelegate : std::binary_function<const JustPOD<Size> &, const JustPOD<Size> &, bool> {
C/C++:       |                                                                       ^
C/C++: /home/runner/work/fcitx5-android/fcitx5-android/lib/libime/src/main/cpp/libime/src/libime/core/kenlm/lm/../util/sized_iterator.hh:181:5: note: in instantiation of template class 'util::JustPODDelegate<lm::ngram::trie::EntryCompare, 24>' requested here
C/C++:   181 |     UTIL_SORT_SPECIALIZE(24);
C/C++:       |     ^
C/C++: /home/runner/work/fcitx5-android/fcitx5-android/lib/libime/src/main/cpp/libime/src/libime/core/kenlm/lm/../util/sized_iterator.hh:169:85: note: expanded from macro 'UTIL_SORT_SPECIALIZE'
C/C++:   169 |     std::sort(static_cast<JustPOD<Size>*>(start), static_cast<JustPOD<Size>*>(end), JustPODDelegate<Compare, Size>(compare)); \
C/C++:       |                                                                                     ^
C/C++: /home/runner/work/fcitx5-android/fcitx5-android/lib/libime/src/main/cpp/libime/src/libime/core/kenlm/lm/trie_sort.cc:282:11: note: in instantiation of function template specialization 'util::SizedSort<lm::ngram::trie::EntryCompare>' requested here
C/C++:   282 |     util::SizedSort(begin, out_end, entry_size, EntryCompare(order));
C/C++:       |           ^
C/C++: /usr/local/lib/android/sdk/ndk/28.0.13004108/toolchains/llvm/prebuilt/linux-x86_64/sysroot/usr/include/c++/v1/__functional/binary_function.h:24:29: note: 'binary_function<const util::JustPOD<24> &, const util::JustPOD<24> &, bool>' has been explicitly marked deprecated here
C/C++:    24 | struct _LIBCPP_TEMPLATE_VIS _LIBCPP_DEPRECATED_IN_CXX11 binary_function {
C/C++:       |                             ^
C/C++: /usr/local/lib/android/sdk/ndk/28.0.13004108/toolchains/llvm/prebuilt/linux-x86_64/sysroot/usr/include/c++/v1/__config:970:41: note: expanded from macro '_LIBCPP_DEPRECATED_IN_CXX11'
C/C++:   970 | #    define _LIBCPP_DEPRECATED_IN_CXX11 _LIBCPP_DEPRECATED
C/C++:       |                                         ^
C/C++: /usr/local/lib/android/sdk/ndk/28.0.13004108/toolchains/llvm/prebuilt/linux-x86_64/sysroot/usr/include/c++/v1/__config:955:49: note: expanded from macro '_LIBCPP_DEPRECATED'
C/C++:   955 | #      define _LIBCPP_DEPRECATED __attribute__((__deprecated__))
C/C++:       |                                                 ^
C/C++: In file included from /home/runner/work/fcitx5-android/fcitx5-android/lib/libime/src/main/cpp/libime/src/libime/core/kenlm/lm/trie_sort.cc:13:
C/C++: /home/runner/work/fcitx5-android/fcitx5-android/lib/libime/src/main/cpp/libime/src/libime/core/kenlm/lm/../util/sized_iterator.hh:157:71: warning: 'binary_function<const util::JustPOD<28> &, const util::JustPOD<28> &, bool>' is deprecated [-Wdeprecated-declarations]
C/C++:   157 | template <class Delegate, unsigned Size> class JustPODDelegate : std::binary_function<const JustPOD<Size> &, const JustPOD<Size> &, bool> {
C/C++:       |                                                                       ^
C/C++: /home/runner/work/fcitx5-android/fcitx5-android/lib/libime/src/main/cpp/libime/src/libime/core/kenlm/lm/../util/sized_iterator.hh:182:5: note: in instantiation of template class 'util::JustPODDelegate<lm::ngram::trie::EntryCompare, 28>' requested here
C/C++:   182 |     UTIL_SORT_SPECIALIZE(28);
C/C++:       |     ^
C/C++: /home/runner/work/fcitx5-android/fcitx5-android/lib/libime/src/main/cpp/libime/src/libime/core/kenlm/lm/../util/sized_iterator.hh:169:85: note: expanded from macro 'UTIL_SORT_SPECIALIZE'
C/C++:   169 |     std::sort(static_cast<JustPOD<Size>*>(start), static_cast<JustPOD<Size>*>(end), JustPODDelegate<Compare, Size>(compare)); \
C/C++:       |                                                                                     ^
C/C++: /home/runner/work/fcitx5-android/fcitx5-android/lib/libime/src/main/cpp/libime/src/libime/core/kenlm/lm/trie_sort.cc:282:11: note: in instantiation of function template specialization 'util::SizedSort<lm::ngram::trie::EntryCompare>' requested here
C/C++:   282 |     util::SizedSort(begin, out_end, entry_size, EntryCompare(order));
C/C++:       |           ^
C/C++: /usr/local/lib/android/sdk/ndk/28.0.13004108/toolchains/llvm/prebuilt/linux-x86_64/sysroot/usr/include/c++/v1/__functional/binary_function.h:24:29: note: 'binary_function<const util::JustPOD<28> &, const util::JustPOD<28> &, bool>' has been explicitly marked deprecated here
C/C++:    24 | struct _LIBCPP_TEMPLATE_VIS _LIBCPP_DEPRECATED_IN_CXX11 binary_function {
C/C++:       |                             ^
C/C++: /usr/local/lib/android/sdk/ndk/28.0.13004108/toolchains/llvm/prebuilt/linux-x86_64/sysroot/usr/include/c++/v1/__config:970:41: note: expanded from macro '_LIBCPP_DEPRECATED_IN_CXX11'
C/C++:   970 | #    define _LIBCPP_DEPRECATED_IN_CXX11 _LIBCPP_DEPRECATED
C/C++:       |                                         ^
C/C++: /usr/local/lib/android/sdk/ndk/28.0.13004108/toolchains/llvm/prebuilt/linux-x86_64/sysroot/usr/include/c++/v1/__config:955:49: note: expanded from macro '_LIBCPP_DEPRECATED'
C/C++:   955 | #      define _LIBCPP_DEPRECATED __attribute__((__deprecated__))
C/C++:       |                                                 ^
C/C++: In file included from /home/runner/work/fcitx5-android/fcitx5-android/lib/libime/src/main/cpp/libime/src/libime/core/kenlm/lm/trie_sort.cc:13:
C/C++: /home/runner/work/fcitx5-android/fcitx5-android/lib/libime/src/main/cpp/libime/src/libime/core/kenlm/lm/../util/sized_iterator.hh:157:71: warning: 'binary_function<const util::JustPOD<32> &, const util::JustPOD<32> &, bool>' is deprecated [-Wdeprecated-declarations]
C/C++:   157 | template <class Delegate, unsigned Size> class JustPODDelegate : std::binary_function<const JustPOD<Size> &, const JustPOD<Size> &, bool> {
C/C++:       |                                                                       ^
C/C++: /home/runner/work/fcitx5-android/fcitx5-android/lib/libime/src/main/cpp/libime/src/libime/core/kenlm/lm/../util/sized_iterator.hh:183:5: note: in instantiation of template class 'util::JustPODDelegate<lm::ngram::trie::EntryCompare, 32>' requested here
C/C++:   183 |     UTIL_SORT_SPECIALIZE(32);
C/C++:       |     ^
C/C++: /home/runner/work/fcitx5-android/fcitx5-android/lib/libime/src/main/cpp/libime/src/libime/core/kenlm/lm/../util/sized_iterator.hh:169:85: note: expanded from macro 'UTIL_SORT_SPECIALIZE'
C/C++:   169 |     std::sort(static_cast<JustPOD<Size>*>(start), static_cast<JustPOD<Size>*>(end), JustPODDelegate<Compare, Size>(compare)); \
C/C++:       |                                                                                     ^
C/C++: /home/runner/work/fcitx5-android/fcitx5-android/lib/libime/src/main/cpp/libime/src/libime/core/kenlm/lm/trie_sort.cc:282:11: note: in instantiation of function template specialization 'util::SizedSort<lm::ngram::trie::EntryCompare>' requested here
C/C++:   282 |     util::SizedSort(begin, out_end, entry_size, EntryCompare(order));
C/C++:       |           ^
C/C++: /usr/local/lib/android/sdk/ndk/28.0.13004108/toolchains/llvm/prebuilt/linux-x86_64/sysroot/usr/include/c++/v1/__functional/binary_function.h:24:29: note: 'binary_function<const util::JustPOD<32> &, const util::JustPOD<32> &, bool>' has been explicitly marked deprecated here
C/C++:    24 | struct _LIBCPP_TEMPLATE_VIS _LIBCPP_DEPRECATED_IN_CXX11 binary_function {
C/C++:       |                             ^
C/C++: /usr/local/lib/android/sdk/ndk/28.0.13004108/toolchains/llvm/prebuilt/linux-x86_64/sysroot/usr/include/c++/v1/__config:970:41: note: expanded from macro '_LIBCPP_DEPRECATED_IN_CXX11'
C/C++:   970 | #    define _LIBCPP_DEPRECATED_IN_CXX11 _LIBCPP_DEPRECATED
C/C++:       |                                         ^
C/C++: /usr/local/lib/android/sdk/ndk/28.0.13004108/toolchains/llvm/prebuilt/linux-x86_64/sysroot/usr/include/c++/v1/__config:955:49: note: expanded from macro '_LIBCPP_DEPRECATED'
C/C++:   955 | #      define _LIBCPP_DEPRECATED __attribute__((__deprecated__))
C/C++:       |                                                 ^
C/C++: In file included from /home/runner/work/fcitx5-android/fcitx5-android/lib/libime/src/main/cpp/libime/src/libime/core/kenlm/lm/trie_sort.cc:13:
C/C++: /home/runner/work/fcitx5-android/fcitx5-android/lib/libime/src/main/cpp/libime/src/libime/core/kenlm/lm/../util/sized_iterator.hh:130:86: warning: 'binary_function<const util::SizedProxy &, const util::SizedProxy &, bool>' is deprecated [-Wdeprecated-declarations]
C/C++:   130 | template <class Delegate, class Proxy = SizedProxy> class SizedCompare : public std::binary_function<const Proxy &, const Proxy &, bool> {
C/C++:       |                                                                                      ^
C/C++: /home/runner/work/fcitx5-android/fcitx5-android/lib/libime/src/main/cpp/libime/src/libime/core/kenlm/lm/../util/sized_iterator.hh:202:90: note: in instantiation of template class 'util::SizedCompare<lm::ngram::trie::EntryCompare>' requested here
C/C++:   202 |           (SizedIterator(SizedProxy(start, pool)), SizedIterator(SizedProxy(end, pool)), SizedCompare<Compare>(compare));
C/C++:       |                                                                                          ^
C/C++: /home/runner/work/fcitx5-android/fcitx5-android/lib/libime/src/main/cpp/libime/src/libime/core/kenlm/lm/trie_sort.cc:282:11: note: in instantiation of function template specialization 'util::SizedSort<lm::ngram::trie::EntryCompare>' requested here
C/C++:   282 |     util::SizedSort(begin, out_end, entry_size, EntryCompare(order));
C/C++:       |           ^
C/C++: /usr/local/lib/android/sdk/ndk/28.0.13004108/toolchains/llvm/prebuilt/linux-x86_64/sysroot/usr/include/c++/v1/__functional/binary_function.h:24:29: note: 'binary_function<const util::SizedProxy &, const util::SizedProxy &, bool>' has been explicitly marked deprecated here
C/C++:    24 | struct _LIBCPP_TEMPLATE_VIS _LIBCPP_DEPRECATED_IN_CXX11 binary_function {
C/C++:       |                             ^
C/C++: /usr/local/lib/android/sdk/ndk/28.0.13004108/toolchains/llvm/prebuilt/linux-x86_64/sysroot/usr/include/c++/v1/__config:970:41: note: expanded from macro '_LIBCPP_DEPRECATED_IN_CXX11'
C/C++:   970 | #    define _LIBCPP_DEPRECATED_IN_CXX11 _LIBCPP_DEPRECATED
C/C++:       |                                         ^
C/C++: /usr/local/lib/android/sdk/ndk/28.0.13004108/toolchains/llvm/prebuilt/linux-x86_64/sysroot/usr/include/c++/v1/__config:955:49: note: expanded from macro '_LIBCPP_DEPRECATED'
C/C++:   955 | #      define _LIBCPP_DEPRECATED __attribute__((__deprecated__))
C/C++:       |                                                 ^
C/C++: In file included from /home/runner/work/fcitx5-android/fcitx5-android/lib/libime/src/main/cpp/libime/src/libime/core/kenlm/lm/trie_sort.cc:12:
C/C++: /home/runner/work/fcitx5-android/fcitx5-android/lib/libime/src/main/cpp/libime/src/libime/core/kenlm/lm/../util/proxy_iterator.hh:56:8: warning: definition of implicit copy constructor for 'ProxyIterator<util::SizedProxy>' is deprecated because it has a user-provided copy assignment operator [-Wdeprecated-copy-with-user-provided-copy]
C/C++:    56 |     S &operator=(const S &other) {
C/C++:       |        ^
C/C++: /usr/local/lib/android/sdk/ndk/28.0.13004108/toolchains/llvm/prebuilt/linux-x86_64/sysroot/usr/include/c++/v1/__algorithm/sort.h:990:44: note: in implicit copy constructor for 'util::ProxyIterator<util::SizedProxy>' first required here
C/C++:   990 |   std::__debug_randomize_range<_AlgPolicy>(__first, __last);
C/C++:       |                                            ^
C/C++: /usr/local/lib/android/sdk/ndk/28.0.13004108/toolchains/llvm/prebuilt/linux-x86_64/sysroot/usr/include/c++/v1/__algorithm/sort.h:1004:8: note: in instantiation of function template specialization 'std::__sort_impl<std::_ClassicAlgPolicy, util::ProxyIterator<util::SizedProxy>, util::SizedCompare<lm::ngram::trie::EntryCompare>>' requested here
C/C++:  1004 |   std::__sort_impl<_ClassicAlgPolicy>(std::move(__first), std::move(__last), __comp);
C/C++:       |        ^
C/C++: /home/runner/work/fcitx5-android/fcitx5-android/lib/libime/src/main/cpp/libime/src/libime/core/kenlm/lm/../util/sized_iterator.hh:200:14: note: in instantiation of function template specialization 'std::sort<util::ProxyIterator<util::SizedProxy>, util::SizedCompare<lm::ngram::trie::EntryCompare>>' requested here
C/C++:   200 |         std::sort
C/C++:       |              ^
C/C++: /home/runner/work/fcitx5-android/fcitx5-android/lib/libime/src/main/cpp/libime/src/libime/core/kenlm/lm/trie_sort.cc:282:11: note: in instantiation of function template specialization 'util::SizedSort<lm::ngram::trie::EntryCompare>' requested here
C/C++:   282 |     util::SizedSort(begin, out_end, entry_size, EntryCompare(order));
C/C++:       |           ^
C/C++: 19 warnings generated.
C/C++: In file included from /home/runner/work/fcitx5-android/fcitx5-android/lib/libime/src/main/cpp/libime/src/libime/core/kenlm/lm/search_trie.cc:11:
C/C++: /home/runner/work/fcitx5-android/fcitx5-android/lib/libime/src/main/cpp/libime/src/libime/core/kenlm/lm/trie_sort.hh:31:34: warning: 'binary_function<const void *, const void *, bool>' is deprecated [-Wdeprecated-declarations]
C/C++:    31 | class EntryCompare : public std::binary_function<const void*, const void*, bool> {
C/C++:       |                                  ^
C/C++: /usr/local/lib/android/sdk/ndk/28.0.13004108/toolchains/llvm/prebuilt/linux-x86_64/sysroot/usr/include/c++/v1/__functional/binary_function.h:24:29: note: 'binary_function<const void *, const void *, bool>' has been explicitly marked deprecated here
C/C++:    24 | struct _LIBCPP_TEMPLATE_VIS _LIBCPP_DEPRECATED_IN_CXX11 binary_function {
C/C++:       |                             ^
C/C++: /usr/local/lib/android/sdk/ndk/28.0.13004108/toolchains/llvm/prebuilt/linux-x86_64/sysroot/usr/include/c++/v1/__config:970:41: note: expanded from macro '_LIBCPP_DEPRECATED_IN_CXX11'
C/C++:   970 | #    define _LIBCPP_DEPRECATED_IN_CXX11 _LIBCPP_DEPRECATED
C/C++:       |                                         ^
C/C++: /usr/local/lib/android/sdk/ndk/28.0.13004108/toolchains/llvm/prebuilt/linux-x86_64/sysroot/usr/include/c++/v1/__config:955:49: note: expanded from macro '_LIBCPP_DEPRECATED'
C/C++:   955 | #      define _LIBCPP_DEPRECATED __attribute__((__deprecated__))
C/C++:       |                                                 ^
C/C++: In file included from /home/runner/work/fcitx5-android/fcitx5-android/lib/libime/src/main/cpp/libime/src/libime/core/kenlm/lm/search_trie.cc:12:
C/C++: /home/runner/work/fcitx5-android/fcitx5-android/lib/libime/src/main/cpp/libime/src/libime/core/kenlm/lm/vocab.hh:234:40: warning: unused parameter 'word' [-Wunused-parameter]
C/C++:   234 |     void operator()(const StringPiece &word) {}
C/C++:       |                                        ^
C/C++: In file included from /home/runner/work/fcitx5-android/fcitx5-android/lib/libime/src/main/cpp/libime/src/libime/core/kenlm/lm/search_trie.cc:19:
C/C++: /home/runner/work/fcitx5-android/fcitx5-android/lib/libime/src/main/cpp/libime/src/libime/core/kenlm/lm/../util/sized_iterator.hh:90:17: warning: definition of implicit copy constructor for 'SizedProxy' is deprecated because it has a user-provided copy assignment operator [-Wdeprecated-copy-with-user-provided-copy]
C/C++:    90 |     SizedProxy &operator=(const SizedProxy &from) {
C/C++:       |                 ^
C/C++: /home/runner/work/fcitx5-android/fcitx5-android/lib/libime/src/main/cpp/libime/src/libime/core/kenlm/lm/../util/proxy_iterator.hh:80:38: note: in implicit copy constructor for 'util::SizedProxy' first required here
C/C++:    80 |     Proxy operator*() const { return p_; }
C/C++:       |                                      ^
C/C++: /home/runner/work/fcitx5-android/fcitx5-android/lib/libime/src/main/cpp/libime/src/libime/core/kenlm/lm/../util/sized_iterator.hh:212:14: note: in instantiation of member function 'util::ProxyIterator<util::SizedProxy>::operator*' requested here
C/C++:   212 |   util::swap(*first, *second);
C/C++:       |              ^
C/C++: /home/runner/work/fcitx5-android/fcitx5-android/lib/libime/src/main/cpp/libime/src/libime/core/kenlm/lm/../util/sized_iterator.hh:157:71: warning: 'binary_function<const util::JustPOD<4> &, const util::JustPOD<4> &, bool>' is deprecated [-Wdeprecated-declarations]
C/C++:   157 | template <class Delegate, unsigned Size> class JustPODDelegate : std::binary_function<const JustPOD<Size> &, const JustPOD<Size> &, bool> {
C/C++:       |                                                                       ^
C/C++: /home/runner/work/fcitx5-android/fcitx5-android/lib/libime/src/main/cpp/libime/src/libime/core/kenlm/lm/../util/sized_iterator.hh:175:5: note: in instantiation of template class 'util::JustPODDelegate<lm::ngram::trie::EntryCompare, 4>' requested here
C/C++:   175 |     UTIL_SORT_SPECIALIZE(4);
C/C++:       |     ^
C/C++: /home/runner/work/fcitx5-android/fcitx5-android/lib/libime/src/main/cpp/libime/src/libime/core/kenlm/lm/../util/sized_iterator.hh:169:85: note: expanded from macro 'UTIL_SORT_SPECIALIZE'
C/C++:   169 |     std::sort(static_cast<JustPOD<Size>*>(start), static_cast<JustPOD<Size>*>(end), JustPODDelegate<Compare, Size>(compare)); \
C/C++:       |                                                                                     ^
C/C++: /home/runner/work/fcitx5-android/fcitx5-android/lib/libime/src/main/cpp/libime/src/libime/core/kenlm/lm/search_trie.cc:157:13: note: in instantiation of function template specialization 'util::SizedSort<lm::ngram::trie::EntryCompare>' requested here
C/C++:   157 |       util::SizedSort(backing_.get(), current_, entry_size_, EntryCompare((entry_size_ - sizeof(ProbPointer)) / sizeof(WordIndex)));
C/C++:       |             ^
C/C++: /usr/local/lib/android/sdk/ndk/28.0.13004108/toolchains/llvm/prebuilt/linux-x86_64/sysroot/usr/include/c++/v1/__functional/binary_function.h:24:29: note: 'binary_function<const util::JustPOD<4> &, const util::JustPOD<4> &, bool>' has been explicitly marked deprecated here
C/C++:    24 | struct _LIBCPP_TEMPLATE_VIS _LIBCPP_DEPRECATED_IN_CXX11 binary_function {
C/C++:       |                             ^
C/C++: /usr/local/lib/android/sdk/ndk/28.0.13004108/toolchains/llvm/prebuilt/linux-x86_64/sysroot/usr/include/c++/v1/__config:970:41: note: expanded from macro '_LIBCPP_DEPRECATED_IN_CXX11'
C/C++:   970 | #    define _LIBCPP_DEPRECATED_IN_CXX11 _LIBCPP_DEPRECATED
C/C++:       |                                         ^
C/C++: /usr/local/lib/android/sdk/ndk/28.0.13004108/toolchains/llvm/prebuilt/linux-x86_64/sysroot/usr/include/c++/v1/__config:955:49: note: expanded from macro '_LIBCPP_DEPRECATED'
C/C++:   955 | #      define _LIBCPP_DEPRECATED __attribute__((__deprecated__))
C/C++:       |                                                 ^
C/C++: In file included from /home/runner/work/fcitx5-android/fcitx5-android/lib/libime/src/main/cpp/libime/src/libime/core/kenlm/lm/search_trie.cc:19:
C/C++: /home/runner/work/fcitx5-android/fcitx5-android/lib/libime/src/main/cpp/libime/src/libime/core/kenlm/lm/../util/sized_iterator.hh:157:71: warning: 'binary_function<const util::JustPOD<8> &, const util::JustPOD<8> &, bool>' is deprecated [-Wdeprecated-declarations]
C/C++:   157 | template <class Delegate, unsigned Size> class JustPODDelegate : std::binary_function<const JustPOD<Size> &, const JustPOD<Size> &, bool> {
C/C++:       |                                                                       ^
C/C++: /home/runner/work/fcitx5-android/fcitx5-android/lib/libime/src/main/cpp/libime/src/libime/core/kenlm/lm/../util/sized_iterator.hh:176:5: note: in instantiation of template class 'util::JustPODDelegate<lm::ngram::trie::EntryCompare, 8>' requested here
C/C++:   176 |     UTIL_SORT_SPECIALIZE(8);
C/C++:       |     ^
C/C++: /home/runner/work/fcitx5-android/fcitx5-android/lib/libime/src/main/cpp/libime/src/libime/core/kenlm/lm/../util/sized_iterator.hh:169:85: note: expanded from macro 'UTIL_SORT_SPECIALIZE'
C/C++:   169 |     std::sort(static_cast<JustPOD<Size>*>(start), static_cast<JustPOD<Size>*>(end), JustPODDelegate<Compare, Size>(compare)); \
C/C++:       |                                                                                     ^
C/C++: /home/runner/work/fcitx5-android/fcitx5-android/lib/libime/src/main/cpp/libime/src/libime/core/kenlm/lm/search_trie.cc:157:13: note: in instantiation of function template specialization 'util::SizedSort<lm::ngram::trie::EntryCompare>' requested here
C/C++:   157 |       util::SizedSort(backing_.get(), current_, entry_size_, EntryCompare((entry_size_ - sizeof(ProbPointer)) / sizeof(WordIndex)));
C/C++:       |             ^
C/C++: /usr/local/lib/android/sdk/ndk/28.0.13004108/toolchains/llvm/prebuilt/linux-x86_64/sysroot/usr/include/c++/v1/__functional/binary_function.h:24:29: note: 'binary_function<const util::JustPOD<8> &, const util::JustPOD<8> &, bool>' has been explicitly marked deprecated here
C/C++:    24 | struct _LIBCPP_TEMPLATE_VIS _LIBCPP_DEPRECATED_IN_CXX11 binary_function {
C/C++:       |                             ^
C/C++: /usr/local/lib/android/sdk/ndk/28.0.13004108/toolchains/llvm/prebuilt/linux-x86_64/sysroot/usr/include/c++/v1/__config:970:41: note: expanded from macro '_LIBCPP_DEPRECATED_IN_CXX11'
C/C++:   970 | #    define _LIBCPP_DEPRECATED_IN_CXX11 _LIBCPP_DEPRECATED
C/C++:       |                                         ^
C/C++: /usr/local/lib/android/sdk/ndk/28.0.13004108/toolchains/llvm/prebuilt/linux-x86_64/sysroot/usr/include/c++/v1/__config:955:49: note: expanded from macro '_LIBCPP_DEPRECATED'
C/C++:   955 | #      define _LIBCPP_DEPRECATED __attribute__((__deprecated__))
C/C++:       |                                                 ^
C/C++: In file included from /home/runner/work/fcitx5-android/fcitx5-android/lib/libime/src/main/cpp/libime/src/libime/core/kenlm/lm/search_trie.cc:19:
C/C++: /home/runner/work/fcitx5-android/fcitx5-android/lib/libime/src/main/cpp/libime/src/libime/core/kenlm/lm/../util/sized_iterator.hh:157:71: warning: 'binary_function<const util::JustPOD<12> &, const util::JustPOD<12> &, bool>' is deprecated [-Wdeprecated-declarations]
C/C++:   157 | template <class Delegate, unsigned Size> class JustPODDelegate : std::binary_function<const JustPOD<Size> &, const JustPOD<Size> &, bool> {
C/C++:       |                                                                       ^
C/C++: /home/runner/work/fcitx5-android/fcitx5-android/lib/libime/src/main/cpp/libime/src/libime/core/kenlm/lm/../util/sized_iterator.hh:177:5: note: in instantiation of template class 'util::JustPODDelegate<lm::ngram::trie::EntryCompare, 12>' requested here
C/C++:   177 |     UTIL_SORT_SPECIALIZE(12);
C/C++:       |     ^
C/C++: /home/runner/work/fcitx5-android/fcitx5-android/lib/libime/src/main/cpp/libime/src/libime/core/kenlm/lm/../util/sized_iterator.hh:169:85: note: expanded from macro 'UTIL_SORT_SPECIALIZE'
C/C++:   169 |     std::sort(static_cast<JustPOD<Size>*>(start), static_cast<JustPOD<Size>*>(end), JustPODDelegate<Compare, Size>(compare)); \
C/C++:       |                                                                                     ^
C/C++: /home/runner/work/fcitx5-android/fcitx5-android/lib/libime/src/main/cpp/libime/src/libime/core/kenlm/lm/search_trie.cc:157:13: note: in instantiation of function template specialization 'util::SizedSort<lm::ngram::trie::EntryCompare>' requested here
C/C++:   157 |       util::SizedSort(backing_.get(), current_, entry_size_, EntryCompare((entry_size_ - sizeof(ProbPointer)) / sizeof(WordIndex)));
C/C++:       |             ^
C/C++: /usr/local/lib/android/sdk/ndk/28.0.13004108/toolchains/llvm/prebuilt/linux-x86_64/sysroot/usr/include/c++/v1/__functional/binary_function.h:24:29: note: 'binary_function<const util::JustPOD<12> &, const util::JustPOD<12> &, bool>' has been explicitly marked deprecated here
C/C++:    24 | struct _LIBCPP_TEMPLATE_VIS _LIBCPP_DEPRECATED_IN_CXX11 binary_function {
C/C++:       |                             ^
C/C++: /usr/local/lib/android/sdk/ndk/28.0.13004108/toolchains/llvm/prebuilt/linux-x86_64/sysroot/usr/include/c++/v1/__config:970:41: note: expanded from macro '_LIBCPP_DEPRECATED_IN_CXX11'
C/C++:   970 | #    define _LIBCPP_DEPRECATED_IN_CXX11 _LIBCPP_DEPRECATED
C/C++:       |                                         ^
C/C++: /usr/local/lib/android/sdk/ndk/28.0.13004108/toolchains/llvm/prebuilt/linux-x86_64/sysroot/usr/include/c++/v1/__config:955:49: note: expanded from macro '_LIBCPP_DEPRECATED'
C/C++:   955 | #      define _LIBCPP_DEPRECATED __attribute__((__deprecated__))
C/C++:       |                                                 ^
C/C++: In file included from /home/runner/work/fcitx5-android/fcitx5-android/lib/libime/src/main/cpp/libime/src/libime/core/kenlm/lm/search_trie.cc:19:
C/C++: /home/runner/work/fcitx5-android/fcitx5-android/lib/libime/src/main/cpp/libime/src/libime/core/kenlm/lm/../util/sized_iterator.hh:157:71: warning: 'binary_function<const util::JustPOD<16> &, const util::JustPOD<16> &, bool>' is deprecated [-Wdeprecated-declarations]
C/C++:   157 | template <class Delegate, unsigned Size> class JustPODDelegate : std::binary_function<const JustPOD<Size> &, const JustPOD<Size> &, bool> {
C/C++:       |                                                                       ^
C/C++: /home/runner/work/fcitx5-android/fcitx5-android/lib/libime/src/main/cpp/libime/src/libime/core/kenlm/lm/../util/sized_iterator.hh:178:5: note: in instantiation of template class 'util::JustPODDelegate<lm::ngram::trie::EntryCompare, 16>' requested here
C/C++:   178 |     UTIL_SORT_SPECIALIZE(16);
C/C++:       |     ^
C/C++: /home/runner/work/fcitx5-android/fcitx5-android/lib/libime/src/main/cpp/libime/src/libime/core/kenlm/lm/../util/sized_iterator.hh:169:85: note: expanded from macro 'UTIL_SORT_SPECIALIZE'
C/C++:   169 |     std::sort(static_cast<JustPOD<Size>*>(start), static_cast<JustPOD<Size>*>(end), JustPODDelegate<Compare, Size>(compare)); \
C/C++:       |                                                                                     ^
C/C++: /home/runner/work/fcitx5-android/fcitx5-android/lib/libime/src/main/cpp/libime/src/libime/core/kenlm/lm/search_trie.cc:157:13: note: in instantiation of function template specialization 'util::SizedSort<lm::ngram::trie::EntryCompare>' requested here
C/C++:   157 |       util::SizedSort(backing_.get(), current_, entry_size_, EntryCompare((entry_size_ - sizeof(ProbPointer)) / sizeof(WordIndex)));
C/C++:       |             ^
C/C++: /usr/local/lib/android/sdk/ndk/28.0.13004108/toolchains/llvm/prebuilt/linux-x86_64/sysroot/usr/include/c++/v1/__functional/binary_function.h:24:29: note: 'binary_function<const util::JustPOD<16> &, const util::JustPOD<16> &, bool>' has been explicitly marked deprecated here
C/C++:    24 | struct _LIBCPP_TEMPLATE_VIS _LIBCPP_DEPRECATED_IN_CXX11 binary_function {
C/C++:       |                             ^
C/C++: /usr/local/lib/android/sdk/ndk/28.0.13004108/toolchains/llvm/prebuilt/linux-x86_64/sysroot/usr/include/c++/v1/__config:970:41: note: expanded from macro '_LIBCPP_DEPRECATED_IN_CXX11'
C/C++:   970 | #    define _LIBCPP_DEPRECATED_IN_CXX11 _LIBCPP_DEPRECATED
C/C++:       |                                         ^
C/C++: /usr/local/lib/android/sdk/ndk/28.0.13004108/toolchains/llvm/prebuilt/linux-x86_64/sysroot/usr/include/c++/v1/__config:955:49: note: expanded from macro '_LIBCPP_DEPRECATED'
C/C++:   955 | #      define _LIBCPP_DEPRECATED __attribute__((__deprecated__))
C/C++:       |                                                 ^
C/C++: In file included from /home/runner/work/fcitx5-android/fcitx5-android/lib/libime/src/main/cpp/libime/src/libime/core/kenlm/lm/search_trie.cc:19:
C/C++: /home/runner/work/fcitx5-android/fcitx5-android/lib/libime/src/main/cpp/libime/src/libime/core/kenlm/lm/../util/sized_iterator.hh:157:71: warning: 'binary_function<const util::JustPOD<17> &, const util::JustPOD<17> &, bool>' is deprecated [-Wdeprecated-declarations]
C/C++:   157 | template <class Delegate, unsigned Size> class JustPODDelegate : std::binary_function<const JustPOD<Size> &, const JustPOD<Size> &, bool> {
C/C++:       |                                                                       ^
C/C++: /home/runner/work/fcitx5-android/fcitx5-android/lib/libime/src/main/cpp/libime/src/libime/core/kenlm/lm/../util/sized_iterator.hh:179:5: note: in instantiation of template class 'util::JustPODDelegate<lm::ngram::trie::EntryCompare, 17>' requested here
C/C++:   179 |     UTIL_SORT_SPECIALIZE(17); // This is used by interpolation.
C/C++:       |     ^
C/C++: /home/runner/work/fcitx5-android/fcitx5-android/lib/libime/src/main/cpp/libime/src/libime/core/kenlm/lm/../util/sized_iterator.hh:169:85: note: expanded from macro 'UTIL_SORT_SPECIALIZE'
C/C++:   169 |     std::sort(static_cast<JustPOD<Size>*>(start), static_cast<JustPOD<Size>*>(end), JustPODDelegate<Compare, Size>(compare)); \
C/C++:       |                                                                                     ^
C/C++: /home/runner/work/fcitx5-android/fcitx5-android/lib/libime/src/main/cpp/libime/src/libime/core/kenlm/lm/search_trie.cc:157:13: note: in instantiation of function template specialization 'util::SizedSort<lm::ngram::trie::EntryCompare>' requested here
C/C++:   157 |       util::SizedSort(backing_.get(), current_, entry_size_, EntryCompare((entry_size_ - sizeof(ProbPointer)) / sizeof(WordIndex)));
C/C++:       |             ^
C/C++: /usr/local/lib/android/sdk/ndk/28.0.13004108/toolchains/llvm/prebuilt/linux-x86_64/sysroot/usr/include/c++/v1/__functional/binary_function.h:24:29: note: 'binary_function<const util::JustPOD<17> &, const util::JustPOD<17> &, bool>' has been explicitly marked deprecated here
C/C++:    24 | struct _LIBCPP_TEMPLATE_VIS _LIBCPP_DEPRECATED_IN_CXX11 binary_function {
C/C++:       |                             ^
C/C++: /usr/local/lib/android/sdk/ndk/28.0.13004108/toolchains/llvm/prebuilt/linux-x86_64/sysroot/usr/include/c++/v1/__config:970:41: note: expanded from macro '_LIBCPP_DEPRECATED_IN_CXX11'
C/C++:   970 | #    define _LIBCPP_DEPRECATED_IN_CXX11 _LIBCPP_DEPRECATED
C/C++:       |                                         ^
C/C++: /usr/local/lib/android/sdk/ndk/28.0.13004108/toolchains/llvm/prebuilt/linux-x86_64/sysroot/usr/include/c++/v1/__config:955:49: note: expanded from macro '_LIBCPP_DEPRECATED'
C/C++:   955 | #      define _LIBCPP_DEPRECATED __attribute__((__deprecated__))
C/C++:       |                                                 ^
C/C++: In file included from /home/runner/work/fcitx5-android/fcitx5-android/lib/libime/src/main/cpp/libime/src/libime/core/kenlm/lm/search_trie.cc:19:
C/C++: /home/runner/work/fcitx5-android/fcitx5-android/lib/libime/src/main/cpp/libime/src/libime/core/kenlm/lm/../util/sized_iterator.hh:157:71: warning: 'binary_function<const util::JustPOD<20> &, const util::JustPOD<20> &, bool>' is deprecated [-Wdeprecated-declarations]
C/C++:   157 | template <class Delegate, unsigned Size> class JustPODDelegate : std::binary_function<const JustPOD<Size> &, const JustPOD<Size> &, bool> {
C/C++:       |                                                                       ^
C/C++: /home/runner/work/fcitx5-android/fcitx5-android/lib/libime/src/main/cpp/libime/src/libime/core/kenlm/lm/../util/sized_iterator.hh:180:5: note: in instantiation of template class 'util::JustPODDelegate<lm::ngram::trie::EntryCompare, 20>' requested here
C/C++:   180 |     UTIL_SORT_SPECIALIZE(20);
C/C++:       |     ^
C/C++: /home/runner/work/fcitx5-android/fcitx5-android/lib/libime/src/main/cpp/libime/src/libime/core/kenlm/lm/../util/sized_iterator.hh:169:85: note: expanded from macro 'UTIL_SORT_SPECIALIZE'
C/C++:   169 |     std::sort(static_cast<JustPOD<Size>*>(start), static_cast<JustPOD<Size>*>(end), JustPODDelegate<Compare, Size>(compare)); \
C/C++:       |                                                                                     ^
C/C++: /home/runner/work/fcitx5-android/fcitx5-android/lib/libime/src/main/cpp/libime/src/libime/core/kenlm/lm/search_trie.cc:157:13: note: in instantiation of function template specialization 'util::SizedSort<lm::ngram::trie::EntryCompare>' requested here
C/C++:   157 |       util::SizedSort(backing_.get(), current_, entry_size_, EntryCompare((entry_size_ - sizeof(ProbPointer)) / sizeof(WordIndex)));
C/C++:       |             ^
C/C++: /usr/local/lib/android/sdk/ndk/28.0.13004108/toolchains/llvm/prebuilt/linux-x86_64/sysroot/usr/include/c++/v1/__functional/binary_function.h:24:29: note: 'binary_function<const util::JustPOD<20> &, const util::JustPOD<20> &, bool>' has been explicitly marked deprecated here
C/C++:    24 | struct _LIBCPP_TEMPLATE_VIS _LIBCPP_DEPRECATED_IN_CXX11 binary_function {
C/C++:       |                             ^
C/C++: /usr/local/lib/android/sdk/ndk/28.0.13004108/toolchains/llvm/prebuilt/linux-x86_64/sysroot/usr/include/c++/v1/__config:970:41: note: expanded from macro '_LIBCPP_DEPRECATED_IN_CXX11'
C/C++:   970 | #    define _LIBCPP_DEPRECATED_IN_CXX11 _LIBCPP_DEPRECATED
C/C++:       |                                         ^
C/C++: /usr/local/lib/android/sdk/ndk/28.0.13004108/toolchains/llvm/prebuilt/linux-x86_64/sysroot/usr/include/c++/v1/__config:955:49: note: expanded from macro '_LIBCPP_DEPRECATED'
C/C++:   955 | #      define _LIBCPP_DEPRECATED __attribute__((__deprecated__))
C/C++:       |                                                 ^
C/C++: In file included from /home/runner/work/fcitx5-android/fcitx5-android/lib/libime/src/main/cpp/libime/src/libime/core/kenlm/lm/search_trie.cc:19:
C/C++: /home/runner/work/fcitx5-android/fcitx5-android/lib/libime/src/main/cpp/libime/src/libime/core/kenlm/lm/../util/sized_iterator.hh:157:71: warning: 'binary_function<const util::JustPOD<24> &, const util::JustPOD<24> &, bool>' is deprecated [-Wdeprecated-declarations]
C/C++:   157 | template <class Delegate, unsigned Size> class JustPODDelegate : std::binary_function<const JustPOD<Size> &, const JustPOD<Size> &, bool> {
C/C++:       |                                                                       ^
C/C++: /home/runner/work/fcitx5-android/fcitx5-android/lib/libime/src/main/cpp/libime/src/libime/core/kenlm/lm/../util/sized_iterator.hh:181:5: note: in instantiation of template class 'util::JustPODDelegate<lm::ngram::trie::EntryCompare, 24>' requested here
C/C++:   181 |     UTIL_SORT_SPECIALIZE(24);
C/C++:       |     ^
C/C++: /home/runner/work/fcitx5-android/fcitx5-android/lib/libime/src/main/cpp/libime/src/libime/core/kenlm/lm/../util/sized_iterator.hh:169:85: note: expanded from macro 'UTIL_SORT_SPECIALIZE'
C/C++:   169 |     std::sort(static_cast<JustPOD<Size>*>(start), static_cast<JustPOD<Size>*>(end), JustPODDelegate<Compare, Size>(compare)); \
C/C++:       |                                                                                     ^
C/C++: /home/runner/work/fcitx5-android/fcitx5-android/lib/libime/src/main/cpp/libime/src/libime/core/kenlm/lm/search_trie.cc:157:13: note: in instantiation of function template specialization 'util::SizedSort<lm::ngram::trie::EntryCompare>' requested here
C/C++:   157 |       util::SizedSort(backing_.get(), current_, entry_size_, EntryCompare((entry_size_ - sizeof(ProbPointer)) / sizeof(WordIndex)));
C/C++:       |             ^
C/C++: /usr/local/lib/android/sdk/ndk/28.0.13004108/toolchains/llvm/prebuilt/linux-x86_64/sysroot/usr/include/c++/v1/__functional/binary_function.h:24:29: note: 'binary_function<const util::JustPOD<24> &, const util::JustPOD<24> &, bool>' has been explicitly marked deprecated here
C/C++:    24 | struct _LIBCPP_TEMPLATE_VIS _LIBCPP_DEPRECATED_IN_CXX11 binary_function {
C/C++:       |                             ^
C/C++: /usr/local/lib/android/sdk/ndk/28.0.13004108/toolchains/llvm/prebuilt/linux-x86_64/sysroot/usr/include/c++/v1/__config:970:41: note: expanded from macro '_LIBCPP_DEPRECATED_IN_CXX11'
C/C++:   970 | #    define _LIBCPP_DEPRECATED_IN_CXX11 _LIBCPP_DEPRECATED
C/C++:       |                                         ^
C/C++: /usr/local/lib/android/sdk/ndk/28.0.13004108/toolchains/llvm/prebuilt/linux-x86_64/sysroot/usr/include/c++/v1/__config:955:49: note: expanded from macro '_LIBCPP_DEPRECATED'
C/C++:   955 | #      define _LIBCPP_DEPRECATED __attribute__((__deprecated__))
C/C++:       |                                                 ^
C/C++: In file included from /home/runner/work/fcitx5-android/fcitx5-android/lib/libime/src/main/cpp/libime/src/libime/core/kenlm/lm/search_trie.cc:19:
C/C++: /home/runner/work/fcitx5-android/fcitx5-android/lib/libime/src/main/cpp/libime/src/libime/core/kenlm/lm/../util/sized_iterator.hh:157:71: warning: 'binary_function<const util::JustPOD<28> &, const util::JustPOD<28> &, bool>' is deprecated [-Wdeprecated-declarations]
C/C++:   157 | template <class Delegate, unsigned Size> class JustPODDelegate : std::binary_function<const JustPOD<Size> &, const JustPOD<Size> &, bool> {
C/C++:       |                                                                       ^
C/C++: /home/runner/work/fcitx5-android/fcitx5-android/lib/libime/src/main/cpp/libime/src/libime/core/kenlm/lm/../util/sized_iterator.hh:182:5: note: in instantiation of template class 'util::JustPODDelegate<lm::ngram::trie::EntryCompare, 28>' requested here
C/C++:   182 |     UTIL_SORT_SPECIALIZE(28);
C/C++:       |     ^
C/C++: /home/runner/work/fcitx5-android/fcitx5-android/lib/libime/src/main/cpp/libime/src/libime/core/kenlm/lm/../util/sized_iterator.hh:169:85: note: expanded from macro 'UTIL_SORT_SPECIALIZE'
C/C++:   169 |     std::sort(static_cast<JustPOD<Size>*>(start), static_cast<JustPOD<Size>*>(end), JustPODDelegate<Compare, Size>(compare)); \
C/C++:       |                                                                                     ^
C/C++: /home/runner/work/fcitx5-android/fcitx5-android/lib/libime/src/main/cpp/libime/src/libime/core/kenlm/lm/search_trie.cc:157:13: note: in instantiation of function template specialization 'util::SizedSort<lm::ngram::trie::EntryCompare>' requested here
C/C++:   157 |       util::SizedSort(backing_.get(), current_, entry_size_, EntryCompare((entry_size_ - sizeof(ProbPointer)) / sizeof(WordIndex)));
C/C++:       |             ^
C/C++: /usr/local/lib/android/sdk/ndk/28.0.13004108/toolchains/llvm/prebuilt/linux-x86_64/sysroot/usr/include/c++/v1/__functional/binary_function.h:24:29: note: 'binary_function<const util::JustPOD<28> &, const util::JustPOD<28> &, bool>' has been explicitly marked deprecated here
C/C++:    24 | struct _LIBCPP_TEMPLATE_VIS _LIBCPP_DEPRECATED_IN_CXX11 binary_function {
C/C++:       |                             ^
C/C++: /usr/local/lib/android/sdk/ndk/28.0.13004108/toolchains/llvm/prebuilt/linux-x86_64/sysroot/usr/include/c++/v1/__config:970:41: note: expanded from macro '_LIBCPP_DEPRECATED_IN_CXX11'
C/C++:   970 | #    define _LIBCPP_DEPRECATED_IN_CXX11 _LIBCPP_DEPRECATED
C/C++:       |                                         ^
C/C++: /usr/local/lib/android/sdk/ndk/28.0.13004108/toolchains/llvm/prebuilt/linux-x86_64/sysroot/usr/include/c++/v1/__config:955:49: note: expanded from macro '_LIBCPP_DEPRECATED'
C/C++:   955 | #      define _LIBCPP_DEPRECATED __attribute__((__deprecated__))
C/C++:       |                                                 ^
C/C++: In file included from /home/runner/work/fcitx5-android/fcitx5-android/lib/libime/src/main/cpp/libime/src/libime/core/kenlm/lm/search_trie.cc:19:
C/C++: /home/runner/work/fcitx5-android/fcitx5-android/lib/libime/src/main/cpp/libime/src/libime/core/kenlm/lm/../util/sized_iterator.hh:157:71: warning: 'binary_function<const util::JustPOD<32> &, const util::JustPOD<32> &, bool>' is deprecated [-Wdeprecated-declarations]
C/C++:   157 | template <class Delegate, unsigned Size> class JustPODDelegate : std::binary_function<const JustPOD<Size> &, const JustPOD<Size> &, bool> {
C/C++:       |                                                                       ^
C/C++: /home/runner/work/fcitx5-android/fcitx5-android/lib/libime/src/main/cpp/libime/src/libime/core/kenlm/lm/../util/sized_iterator.hh:183:5: note: in instantiation of template class 'util::JustPODDelegate<lm::ngram::trie::EntryCompare, 32>' requested here
C/C++:   183 |     UTIL_SORT_SPECIALIZE(32);
C/C++:       |     ^
C/C++: /home/runner/work/fcitx5-android/fcitx5-android/lib/libime/src/main/cpp/libime/src/libime/core/kenlm/lm/../util/sized_iterator.hh:169:85: note: expanded from macro 'UTIL_SORT_SPECIALIZE'
C/C++:   169 |     std::sort(static_cast<JustPOD<Size>*>(start), static_cast<JustPOD<Size>*>(end), JustPODDelegate<Compare, Size>(compare)); \
C/C++:       |                                                                                     ^
C/C++: /home/runner/work/fcitx5-android/fcitx5-android/lib/libime/src/main/cpp/libime/src/libime/core/kenlm/lm/search_trie.cc:157:13: note: in instantiation of function template specialization 'util::SizedSort<lm::ngram::trie::EntryCompare>' requested here
C/C++:   157 |       util::SizedSort(backing_.get(), current_, entry_size_, EntryCompare((entry_size_ - sizeof(ProbPointer)) / sizeof(WordIndex)));
C/C++:       |             ^
C/C++: /usr/local/lib/android/sdk/ndk/28.0.13004108/toolchains/llvm/prebuilt/linux-x86_64/sysroot/usr/include/c++/v1/__functional/binary_function.h:24:29: note: 'binary_function<const util::JustPOD<32> &, const util::JustPOD<32> &, bool>' has been explicitly marked deprecated here
C/C++:    24 | struct _LIBCPP_TEMPLATE_VIS _LIBCPP_DEPRECATED_IN_CXX11 binary_function {
C/C++:       |                             ^
C/C++: /usr/local/lib/android/sdk/ndk/28.0.13004108/toolchains/llvm/prebuilt/linux-x86_64/sysroot/usr/include/c++/v1/__config:970:41: note: expanded from macro '_LIBCPP_DEPRECATED_IN_CXX11'
C/C++:   970 | #    define _LIBCPP_DEPRECATED_IN_CXX11 _LIBCPP_DEPRECATED
C/C++:       |                                         ^
C/C++: /usr/local/lib/android/sdk/ndk/28.0.13004108/toolchains/llvm/prebuilt/linux-x86_64/sysroot/usr/include/c++/v1/__config:955:49: note: expanded from macro '_LIBCPP_DEPRECATED'
C/C++:   955 | #      define _LIBCPP_DEPRECATED __attribute__((__deprecated__))
C/C++:       |                                                 ^
C/C++: In file included from /home/runner/work/fcitx5-android/fcitx5-android/lib/libime/src/main/cpp/libime/src/libime/core/kenlm/lm/search_trie.cc:19:
C/C++: /home/runner/work/fcitx5-android/fcitx5-android/lib/libime/src/main/cpp/libime/src/libime/core/kenlm/lm/../util/sized_iterator.hh:130:86: warning: 'binary_function<const util::SizedProxy &, const util::SizedProxy &, bool>' is deprecated [-Wdeprecated-declarations]
C/C++:   130 | template <class Delegate, class Proxy = SizedProxy> class SizedCompare : public std::binary_function<const Proxy &, const Proxy &, bool> {
C/C++:       |                                                                                      ^
C/C++: /home/runner/work/fcitx5-android/fcitx5-android/lib/libime/src/main/cpp/libime/src/libime/core/kenlm/lm/../util/sized_iterator.hh:202:90: note: in instantiation of template class 'util::SizedCompare<lm::ngram::trie::EntryCompare>' requested here
C/C++:   202 |           (SizedIterator(SizedProxy(start, pool)), SizedIterator(SizedProxy(end, pool)), SizedCompare<Compare>(compare));
C/C++:       |                                                                                          ^
C/C++: /home/runner/work/fcitx5-android/fcitx5-android/lib/libime/src/main/cpp/libime/src/libime/core/kenlm/lm/search_trie.cc:157:13: note: in instantiation of function template specialization 'util::SizedSort<lm::ngram::trie::EntryCompare>' requested here
C/C++:   157 |       util::SizedSort(backing_.get(), current_, entry_size_, EntryCompare((entry_size_ - sizeof(ProbPointer)) / sizeof(WordIndex)));
C/C++:       |             ^
C/C++: /usr/local/lib/android/sdk/ndk/28.0.13004108/toolchains/llvm/prebuilt/linux-x86_64/sysroot/usr/include/c++/v1/__functional/binary_function.h:24:29: note: 'binary_function<const util::SizedProxy &, const util::SizedProxy &, bool>' has been explicitly marked deprecated here
C/C++:    24 | struct _LIBCPP_TEMPLATE_VIS _LIBCPP_DEPRECATED_IN_CXX11 binary_function {
C/C++:       |                             ^
C/C++: /usr/local/lib/android/sdk/ndk/28.0.13004108/toolchains/llvm/prebuilt/linux-x86_64/sysroot/usr/include/c++/v1/__config:970:41: note: expanded from macro '_LIBCPP_DEPRECATED_IN_CXX11'
C/C++:   970 | #    define _LIBCPP_DEPRECATED_IN_CXX11 _LIBCPP_DEPRECATED
C/C++:       |                                         ^
C/C++: /usr/local/lib/android/sdk/ndk/28.0.13004108/toolchains/llvm/prebuilt/linux-x86_64/sysroot/usr/include/c++/v1/__config:955:49: note: expanded from macro '_LIBCPP_DEPRECATED'
C/C++:   955 | #      define _LIBCPP_DEPRECATED __attribute__((__deprecated__))
C/C++:       |                                                 ^
C/C++: In file included from /home/runner/work/fcitx5-android/fcitx5-android/lib/libime/src/main/cpp/libime/src/libime/core/kenlm/lm/search_trie.cc:17:
C/C++: /home/runner/work/fcitx5-android/fcitx5-android/lib/libime/src/main/cpp/libime/src/libime/core/kenlm/lm/../util/proxy_iterator.hh:56:8: warning: definition of implicit copy constructor for 'ProxyIterator<util::SizedProxy>' is deprecated because it has a user-provided copy assignment operator [-Wdeprecated-copy-with-user-provided-copy]
C/C++:    56 |     S &operator=(const S &other) {
C/C++:       |        ^
C/C++: /usr/local/lib/android/sdk/ndk/28.0.13004108/toolchains/llvm/prebuilt/linux-x86_64/sysroot/usr/include/c++/v1/__algorithm/sort.h:990:44: note: in implicit copy constructor for 'util::ProxyIterator<util::SizedProxy>' first required here
C/C++:   990 |   std::__debug_randomize_range<_AlgPolicy>(__first, __last);
C/C++:       |                                            ^
C/C++: /usr/local/lib/android/sdk/ndk/28.0.13004108/toolchains/llvm/prebuilt/linux-x86_64/sysroot/usr/include/c++/v1/__algorithm/sort.h:1004:8: note: in instantiation of function template specialization 'std::__sort_impl<std::_ClassicAlgPolicy, util::ProxyIterator<util::SizedProxy>, util::SizedCompare<lm::ngram::trie::EntryCompare>>' requested here
C/C++:  1004 |   std::__sort_impl<_ClassicAlgPolicy>(std::move(__first), std::move(__last), __comp);
C/C++:       |        ^
C/C++: /home/runner/work/fcitx5-android/fcitx5-android/lib/libime/src/main/cpp/libime/src/libime/core/kenlm/lm/../util/sized_iterator.hh:200:14: note: in instantiation of function template specialization 'std::sort<util::ProxyIterator<util::SizedProxy>, util::SizedCompare<lm::ngram::trie::EntryCompare>>' requested here
C/C++:   200 |         std::sort
C/C++:       |              ^
C/C++: /home/runner/work/fcitx5-android/fcitx5-android/lib/libime/src/main/cpp/libime/src/libime/core/kenlm/lm/search_trie.cc:157:13: note: in instantiation of function template specialization 'util::SizedSort<lm::ngram::trie::EntryCompare>' requested here
C/C++:   157 |       util::SizedSort(backing_.get(), current_, entry_size_, EntryCompare((entry_size_ - sizeof(ProbPointer)) / sizeof(WordIndex)));
C/C++:       |             ^
C/C++: 14 warnings generated.
C/C++: In file included from /home/runner/work/fcitx5-android/fcitx5-android/lib/libime/src/main/cpp/libime/src/libime/core/languagemodel.cpp:30:
C/C++: In file included from /home/runner/work/fcitx5-android/fcitx5-android/lib/libime/src/main/cpp/libime/src/libime/core/kenlm/lm/model.hh:9:
C/C++: /home/runner/work/fcitx5-android/fcitx5-android/lib/libime/src/main/cpp/libime/src/libime/core/kenlm/lm/search_hashed.hh:149:39: warning: unused parameter 'count' [-Wunused-parameter]
C/C++:   149 |         Unigram(void *start, uint64_t count) :
C/C++:       |                                       ^
C/C++: In file included from /home/runner/work/fcitx5-android/fcitx5-android/lib/libime/src/main/cpp/libime/src/libime/core/languagemodel.cpp:30:
C/C++: In file included from /home/runner/work/fcitx5-android/fcitx5-android/lib/libime/src/main/cpp/libime/src/libime/core/kenlm/lm/model.hh:13:
C/C++: /home/runner/work/fcitx5-android/fcitx5-android/lib/libime/src/main/cpp/libime/src/libime/core/kenlm/lm/vocab.hh:234:40: warning: unused parameter 'word' [-Wunused-parameter]
C/C++:   234 |     void operator()(const StringPiece &word) {}
C/C++:       |                                        ^
C/C++: 2 warnings generated.

> Task :lib:libime:externalNativeBuildRelease
> Task :lib:libime:generateJsonModelRelease
> Task :lib:libime:installFcitxHeaders
> Task :lib:libime:prefabReleaseConfigurePackage

> Task :lib:fcitx5-chinese-addons:configureCMakeRelWithDebInfo[arm64-v8a]
C/C++: CMake Deprecation Warning at fcitx5-chinese-addons/CMakeLists.txt:1 (cmake_minimum_required):
C/C++:   Compatibility with CMake < 3.10 will be removed from a future version of
C/C++:   CMake.
C/C++:   Update the VERSION argument <min> value.  Or, use the <min>...<max> syntax
C/C++:   to tell CMake that the project requires at least <min> but has been updated
C/C++:   to work with policies introduced by <max> or earlier.

> Task :lib:fcitx5-chinese-addons:configureCMakeRelWithDebInfo[armeabi-v7a]
C/C++: CMake Deprecation Warning at fcitx5-chinese-addons/CMakeLists.txt:1 (cmake_minimum_required):
C/C++:   Compatibility with CMake < 3.10 will be removed from a future version of
C/C++:   CMake.
C/C++:   Update the VERSION argument <min> value.  Or, use the <min>...<max> syntax
C/C++:   to tell CMake that the project requires at least <min> but has been updated
C/C++:   to work with policies introduced by <max> or earlier.

> Task :lib:fcitx5-chinese-addons:configureCMakeRelWithDebInfo[x86]
C/C++: CMake Deprecation Warning at fcitx5-chinese-addons/CMakeLists.txt:1 (cmake_minimum_required):
C/C++:   Compatibility with CMake < 3.10 will be removed from a future version of
C/C++:   CMake.
C/C++:   Update the VERSION argument <min> value.  Or, use the <min>...<max> syntax
C/C++:   to tell CMake that the project requires at least <min> but has been updated
C/C++:   to work with policies introduced by <max> or earlier.

> Task :lib:fcitx5-chinese-addons:configureCMakeRelWithDebInfo[x86_64]
C/C++: CMake Deprecation Warning at fcitx5-chinese-addons/CMakeLists.txt:1 (cmake_minimum_required):
C/C++:   Compatibility with CMake < 3.10 will be removed from a future version of
C/C++:   CMake.
C/C++:   Update the VERSION argument <min> value.  Or, use the <min>...<max> syntax
C/C++:   to tell CMake that the project requires at least <min> but has been updated
C/C++:   to work with policies introduced by <max> or earlier.

> Task :app:installLibraryConfig[fcitx5-chinese-addons]
> Task :app:installLibraryConfig[fcitx5-lua]
> Task :app:installLibraryConfig[fcitx5]
> Task :app:installLibraryConfig[libime]
> Task :app:installLibraryTranslation[fcitx5-chinese-addons]
> Task :app:installLibraryTranslation[fcitx5-lua]
> Task :app:installLibraryTranslation[fcitx5]
> Task :app:installLibraryTranslation[libime]
> Task :lib:fcitx5-lua:prefabReleasePackage
> Task :lib:libime:prefabReleasePackage

> Task :lib:fcitx5-chinese-addons:buildCMakeRelWithDebInfo[arm64-v8a][chttrans,cmake,etc]
C/C++: ninja: Entering directory `/home/runner/work/fcitx5-android/fcitx5-android/lib/fcitx5-chinese-addons/.cxx/RelWithDebInfo/6k5u2n4h/arm64-v8a'
C/C++: /home/runner/work/fcitx5-android/fcitx5-android/lib/fcitx5-chinese-addons/src/main/cpp/fcitx5-chinese-addons/tools/scel2org5.cpp:157:38: warning: 'codecvt_utf8_utf16<char16_t>' is deprecated [-Wdeprecated-declarations]
C/C++:   157 |     return std::wstring_convert<std::codecvt_utf8_utf16<char16_t>, char16_t>{}
C/C++:       |                                      ^
C/C++: /usr/local/lib/android/sdk/ndk/28.0.13004108/toolchains/llvm/prebuilt/linux-x86_64/sysroot/usr/include/c++/v1/codecvt:568:28: note: 'codecvt_utf8_utf16<char16_t>' has been explicitly marked deprecated here
C/C++:   568 | class _LIBCPP_TEMPLATE_VIS _LIBCPP_DEPRECATED_IN_CXX17 codecvt_utf8_utf16 : public __codecvt_utf8_utf16<_Elem> {
C/C++:       |                            ^
C/C++: /usr/local/lib/android/sdk/ndk/28.0.13004108/toolchains/llvm/prebuilt/linux-x86_64/sysroot/usr/include/c++/v1/__config:982:41: note: expanded from macro '_LIBCPP_DEPRECATED_IN_CXX17'
C/C++:   982 | #    define _LIBCPP_DEPRECATED_IN_CXX17 _LIBCPP_DEPRECATED
C/C++:       |                                         ^
C/C++: /usr/local/lib/android/sdk/ndk/28.0.13004108/toolchains/llvm/prebuilt/linux-x86_64/sysroot/usr/include/c++/v1/__config:955:49: note: expanded from macro '_LIBCPP_DEPRECATED'
C/C++:   955 | #      define _LIBCPP_DEPRECATED __attribute__((__deprecated__))
C/C++:       |                                                 ^
C/C++: /home/runner/work/fcitx5-android/fcitx5-android/lib/fcitx5-chinese-addons/src/main/cpp/fcitx5-chinese-addons/tools/scel2org5.cpp:157:17: warning: 'wstring_convert<std::codecvt_utf8_utf16<char16_t>, char16_t>' is deprecated [-Wdeprecated-declarations]
C/C++:   157 |     return std::wstring_convert<std::codecvt_utf8_utf16<char16_t>, char16_t>{}
C/C++:       |                 ^
C/C++: /usr/local/lib/android/sdk/ndk/28.0.13004108/toolchains/llvm/prebuilt/linux-x86_64/sysroot/usr/include/c++/v1/locale:3114:28: note: 'wstring_convert<std::codecvt_utf8_utf16<char16_t>, char16_t>' has been explicitly marked deprecated here
C/C++:  3114 | class _LIBCPP_TEMPLATE_VIS _LIBCPP_DEPRECATED_IN_CXX17 wstring_convert {
C/C++:       |                            ^
C/C++: /usr/local/lib/android/sdk/ndk/28.0.13004108/toolchains/llvm/prebuilt/linux-x86_64/sysroot/usr/include/c++/v1/__config:982:41: note: expanded from macro '_LIBCPP_DEPRECATED_IN_CXX17'
C/C++:   982 | #    define _LIBCPP_DEPRECATED_IN_CXX17 _LIBCPP_DEPRECATED
C/C++:       |                                         ^
C/C++: /usr/local/lib/android/sdk/ndk/28.0.13004108/toolchains/llvm/prebuilt/linux-x86_64/sysroot/usr/include/c++/v1/__config:955:49: note: expanded from macro '_LIBCPP_DEPRECATED'
C/C++:   955 | #      define _LIBCPP_DEPRECATED __attribute__((__deprecated__))
C/C++:       |                                                 ^
C/C++: In file included from /home/runner/work/fcitx5-android/fcitx5-android/lib/fcitx5-chinese-addons/src/main/cpp/fcitx5-chinese-addons/tools/scel2org5.cpp:16:
C/C++: In file included from /home/runner/work/fcitx5-android/fcitx5-android/lib/fcitx5/build/headers/usr/include/Fcitx5/Utils/fcitx-utils/fdstreambuf.h:12:
C/C++: In file included from /home/runner/work/fcitx5-android/fcitx5-android/lib/fcitx5/build/headers/usr/include/Fcitx5/Utils/fcitx-utils/unixfd.h:16:
C/C++: In file included from /home/runner/work/fcitx5-android/fcitx5-android/lib/fcitx5/build/headers/usr/include/Fcitx5/Utils/fcitx-utils/log.h:15:
C/C++: In file included from /usr/local/lib/android/sdk/ndk/28.0.13004108/toolchains/llvm/prebuilt/linux-x86_64/sysroot/usr/include/c++/v1/iostream:43:
C/C++: In file included from /usr/local/lib/android/sdk/ndk/28.0.13004108/toolchains/llvm/prebuilt/linux-x86_64/sysroot/usr/include/c++/v1/istream:170:
C/C++: In file included from /usr/local/lib/android/sdk/ndk/28.0.13004108/toolchains/llvm/prebuilt/linux-x86_64/sysroot/usr/include/c++/v1/ostream:188:
C/C++: In file included from /usr/local/lib/android/sdk/ndk/28.0.13004108/toolchains/llvm/prebuilt/linux-x86_64/sysroot/usr/include/c++/v1/format:194:
C/C++: In file included from /usr/local/lib/android/sdk/ndk/28.0.13004108/toolchains/llvm/prebuilt/linux-x86_64/sysroot/usr/include/c++/v1/__format/container_adaptor.h:20:
C/C++: In file included from /usr/local/lib/android/sdk/ndk/28.0.13004108/toolchains/llvm/prebuilt/linux-x86_64/sysroot/usr/include/c++/v1/__format/range_default_formatter.h:23:
C/C++: In file included from /usr/local/lib/android/sdk/ndk/28.0.13004108/toolchains/llvm/prebuilt/linux-x86_64/sysroot/usr/include/c++/v1/__format/range_formatter.h:23:
C/C++: In file included from /usr/local/lib/android/sdk/ndk/28.0.13004108/toolchains/llvm/prebuilt/linux-x86_64/sysroot/usr/include/c++/v1/__format/format_context.h:30:
C/C++: /usr/local/lib/android/sdk/ndk/28.0.13004108/toolchains/llvm/prebuilt/linux-x86_64/sysroot/usr/include/c++/v1/locale:3257:1: warning: 'wstring_convert<std::codecvt_utf8_utf16<char16_t>, char16_t>' is deprecated [-Wdeprecated-declarations]
C/C++:  3257 | wstring_convert<_Codecvt, _Elem, _WideAlloc, _ByteAlloc>::to_bytes(const _Elem* __frm, const _Elem* __frm_end) {
C/C++:       | ^
C/C++: /home/runner/work/fcitx5-android/fcitx5-android/lib/fcitx5-chinese-addons/src/main/cpp/fcitx5-chinese-addons/tools/scel2org5.cpp:158:10: note: in instantiation of member function 'std::wstring_convert<std::codecvt_utf8_utf16<char16_t>, char16_t>::to_bytes' requested here
C/C++:   158 |         .to_bytes(value, value + size);
C/C++:       |          ^
C/C++: /usr/local/lib/android/sdk/ndk/28.0.13004108/toolchains/llvm/prebuilt/linux-x86_64/sysroot/usr/include/c++/v1/locale:3114:28: note: 'wstring_convert<std::codecvt_utf8_utf16<char16_t>, char16_t>' has been explicitly marked deprecated here
C/C++:  3114 | class _LIBCPP_TEMPLATE_VIS _LIBCPP_DEPRECATED_IN_CXX17 wstring_convert {
C/C++:       |                            ^
C/C++: /usr/local/lib/android/sdk/ndk/28.0.13004108/toolchains/llvm/prebuilt/linux-x86_64/sysroot/usr/include/c++/v1/__config:982:41: note: expanded from macro '_LIBCPP_DEPRECATED_IN_CXX17'
C/C++:   982 | #    define _LIBCPP_DEPRECATED_IN_CXX17 _LIBCPP_DEPRECATED
C/C++:       |                                         ^
C/C++: /usr/local/lib/android/sdk/ndk/28.0.13004108/toolchains/llvm/prebuilt/linux-x86_64/sysroot/usr/include/c++/v1/__config:955:49: note: expanded from macro '_LIBCPP_DEPRECATED'
C/C++:   955 | #      define _LIBCPP_DEPRECATED __attribute__((__deprecated__))
C/C++:       |                                                 ^
C/C++: 3 warnings generated.

> Task :lib:fcitx5-chinese-addons:buildCMakeRelWithDebInfo[armeabi-v7a][chttrans,cmake,etc]
C/C++: ninja: Entering directory `/home/runner/work/fcitx5-android/fcitx5-android/lib/fcitx5-chinese-addons/.cxx/RelWithDebInfo/6k5u2n4h/armeabi-v7a'
C/C++: /home/runner/work/fcitx5-android/fcitx5-android/lib/fcitx5-chinese-addons/src/main/cpp/fcitx5-chinese-addons/tools/scel2org5.cpp:157:38: warning: 'codecvt_utf8_utf16<char16_t>' is deprecated [-Wdeprecated-declarations]
C/C++:   157 |     return std::wstring_convert<std::codecvt_utf8_utf16<char16_t>, char16_t>{}
C/C++:       |                                      ^
C/C++: /usr/local/lib/android/sdk/ndk/28.0.13004108/toolchains/llvm/prebuilt/linux-x86_64/sysroot/usr/include/c++/v1/codecvt:568:28: note: 'codecvt_utf8_utf16<char16_t>' has been explicitly marked deprecated here
C/C++:   568 | class _LIBCPP_TEMPLATE_VIS _LIBCPP_DEPRECATED_IN_CXX17 codecvt_utf8_utf16 : public __codecvt_utf8_utf16<_Elem> {
C/C++:       |                            ^
C/C++: /usr/local/lib/android/sdk/ndk/28.0.13004108/toolchains/llvm/prebuilt/linux-x86_64/sysroot/usr/include/c++/v1/__config:982:41: note: expanded from macro '_LIBCPP_DEPRECATED_IN_CXX17'
C/C++:   982 | #    define _LIBCPP_DEPRECATED_IN_CXX17 _LIBCPP_DEPRECATED
C/C++:       |                                         ^
C/C++: /usr/local/lib/android/sdk/ndk/28.0.13004108/toolchains/llvm/prebuilt/linux-x86_64/sysroot/usr/include/c++/v1/__config:955:49: note: expanded from macro '_LIBCPP_DEPRECATED'
C/C++:   955 | #      define _LIBCPP_DEPRECATED __attribute__((__deprecated__))
C/C++:       |                                                 ^
C/C++: /home/runner/work/fcitx5-android/fcitx5-android/lib/fcitx5-chinese-addons/src/main/cpp/fcitx5-chinese-addons/tools/scel2org5.cpp:157:17: warning: 'wstring_convert<std::codecvt_utf8_utf16<char16_t>, char16_t>' is deprecated [-Wdeprecated-declarations]
C/C++:   157 |     return std::wstring_convert<std::codecvt_utf8_utf16<char16_t>, char16_t>{}
C/C++:       |                 ^
C/C++: /usr/local/lib/android/sdk/ndk/28.0.13004108/toolchains/llvm/prebuilt/linux-x86_64/sysroot/usr/include/c++/v1/locale:3114:28: note: 'wstring_convert<std::codecvt_utf8_utf16<char16_t>, char16_t>' has been explicitly marked deprecated here
C/C++:  3114 | class _LIBCPP_TEMPLATE_VIS _LIBCPP_DEPRECATED_IN_CXX17 wstring_convert {
C/C++:       |                            ^
C/C++: /usr/local/lib/android/sdk/ndk/28.0.13004108/toolchains/llvm/prebuilt/linux-x86_64/sysroot/usr/include/c++/v1/__config:982:41: note: expanded from macro '_LIBCPP_DEPRECATED_IN_CXX17'
C/C++:   982 | #    define _LIBCPP_DEPRECATED_IN_CXX17 _LIBCPP_DEPRECATED
C/C++:       |                                         ^
C/C++: /usr/local/lib/android/sdk/ndk/28.0.13004108/toolchains/llvm/prebuilt/linux-x86_64/sysroot/usr/include/c++/v1/__config:955:49: note: expanded from macro '_LIBCPP_DEPRECATED'
C/C++:   955 | #      define _LIBCPP_DEPRECATED __attribute__((__deprecated__))
C/C++:       |                                                 ^
C/C++: In file included from /home/runner/work/fcitx5-android/fcitx5-android/lib/fcitx5-chinese-addons/src/main/cpp/fcitx5-chinese-addons/tools/scel2org5.cpp:16:
C/C++: In file included from /home/runner/work/fcitx5-android/fcitx5-android/lib/fcitx5/build/headers/usr/include/Fcitx5/Utils/fcitx-utils/fdstreambuf.h:12:
C/C++: In file included from /home/runner/work/fcitx5-android/fcitx5-android/lib/fcitx5/build/headers/usr/include/Fcitx5/Utils/fcitx-utils/unixfd.h:16:
C/C++: In file included from /home/runner/work/fcitx5-android/fcitx5-android/lib/fcitx5/build/headers/usr/include/Fcitx5/Utils/fcitx-utils/log.h:15:
C/C++: In file included from /usr/local/lib/android/sdk/ndk/28.0.13004108/toolchains/llvm/prebuilt/linux-x86_64/sysroot/usr/include/c++/v1/iostream:43:
C/C++: In file included from /usr/local/lib/android/sdk/ndk/28.0.13004108/toolchains/llvm/prebuilt/linux-x86_64/sysroot/usr/include/c++/v1/istream:170:
C/C++: In file included from /usr/local/lib/android/sdk/ndk/28.0.13004108/toolchains/llvm/prebuilt/linux-x86_64/sysroot/usr/include/c++/v1/ostream:188:
C/C++: In file included from /usr/local/lib/android/sdk/ndk/28.0.13004108/toolchains/llvm/prebuilt/linux-x86_64/sysroot/usr/include/c++/v1/format:194:
C/C++: In file included from /usr/local/lib/android/sdk/ndk/28.0.13004108/toolchains/llvm/prebuilt/linux-x86_64/sysroot/usr/include/c++/v1/__format/container_adaptor.h:20:
C/C++: In file included from /usr/local/lib/android/sdk/ndk/28.0.13004108/toolchains/llvm/prebuilt/linux-x86_64/sysroot/usr/include/c++/v1/__format/range_default_formatter.h:23:
C/C++: In file included from /usr/local/lib/android/sdk/ndk/28.0.13004108/toolchains/llvm/prebuilt/linux-x86_64/sysroot/usr/include/c++/v1/__format/range_formatter.h:23:
C/C++: In file included from /usr/local/lib/android/sdk/ndk/28.0.13004108/toolchains/llvm/prebuilt/linux-x86_64/sysroot/usr/include/c++/v1/__format/format_context.h:30:
C/C++: /usr/local/lib/android/sdk/ndk/28.0.13004108/toolchains/llvm/prebuilt/linux-x86_64/sysroot/usr/include/c++/v1/locale:3257:1: warning: 'wstring_convert<std::codecvt_utf8_utf16<char16_t>, char16_t>' is deprecated [-Wdeprecated-declarations]
C/C++:  3257 | wstring_convert<_Codecvt, _Elem, _WideAlloc, _ByteAlloc>::to_bytes(const _Elem* __frm, const _Elem* __frm_end) {
C/C++:       | ^
C/C++: /home/runner/work/fcitx5-android/fcitx5-android/lib/fcitx5-chinese-addons/src/main/cpp/fcitx5-chinese-addons/tools/scel2org5.cpp:158:10: note: in instantiation of member function 'std::wstring_convert<std::codecvt_utf8_utf16<char16_t>, char16_t>::to_bytes' requested here
C/C++:   158 |         .to_bytes(value, value + size);
C/C++:       |          ^
C/C++: /usr/local/lib/android/sdk/ndk/28.0.13004108/toolchains/llvm/prebuilt/linux-x86_64/sysroot/usr/include/c++/v1/locale:3114:28: note: 'wstring_convert<std::codecvt_utf8_utf16<char16_t>, char16_t>' has been explicitly marked deprecated here
C/C++:  3114 | class _LIBCPP_TEMPLATE_VIS _LIBCPP_DEPRECATED_IN_CXX17 wstring_convert {
C/C++:       |                            ^
C/C++: /usr/local/lib/android/sdk/ndk/28.0.13004108/toolchains/llvm/prebuilt/linux-x86_64/sysroot/usr/include/c++/v1/__config:982:41: note: expanded from macro '_LIBCPP_DEPRECATED_IN_CXX17'
C/C++:   982 | #    define _LIBCPP_DEPRECATED_IN_CXX17 _LIBCPP_DEPRECATED
C/C++:       |                                         ^
C/C++: /usr/local/lib/android/sdk/ndk/28.0.13004108/toolchains/llvm/prebuilt/linux-x86_64/sysroot/usr/include/c++/v1/__config:955:49: note: expanded from macro '_LIBCPP_DEPRECATED'
C/C++:   955 | #      define _LIBCPP_DEPRECATED __attribute__((__deprecated__))
C/C++:       |                                                 ^
C/C++: 3 warnings generated.

> Task :lib:fcitx5-chinese-addons:buildCMakeRelWithDebInfo[x86][chttrans,cmake,etc]
C/C++: ninja: Entering directory `/home/runner/work/fcitx5-android/fcitx5-android/lib/fcitx5-chinese-addons/.cxx/RelWithDebInfo/6k5u2n4h/x86'
C/C++: /home/runner/work/fcitx5-android/fcitx5-android/lib/fcitx5-chinese-addons/src/main/cpp/fcitx5-chinese-addons/tools/scel2org5.cpp:157:38: warning: 'codecvt_utf8_utf16<char16_t>' is deprecated [-Wdeprecated-declarations]
C/C++:   157 |     return std::wstring_convert<std::codecvt_utf8_utf16<char16_t>, char16_t>{}
C/C++:       |                                      ^
C/C++: /usr/local/lib/android/sdk/ndk/28.0.13004108/toolchains/llvm/prebuilt/linux-x86_64/sysroot/usr/include/c++/v1/codecvt:568:28: note: 'codecvt_utf8_utf16<char16_t>' has been explicitly marked deprecated here
C/C++:   568 | class _LIBCPP_TEMPLATE_VIS _LIBCPP_DEPRECATED_IN_CXX17 codecvt_utf8_utf16 : public __codecvt_utf8_utf16<_Elem> {
C/C++:       |                            ^
C/C++: /usr/local/lib/android/sdk/ndk/28.0.13004108/toolchains/llvm/prebuilt/linux-x86_64/sysroot/usr/include/c++/v1/__config:982:41: note: expanded from macro '_LIBCPP_DEPRECATED_IN_CXX17'
C/C++:   982 | #    define _LIBCPP_DEPRECATED_IN_CXX17 _LIBCPP_DEPRECATED
C/C++:       |                                         ^
C/C++: /usr/local/lib/android/sdk/ndk/28.0.13004108/toolchains/llvm/prebuilt/linux-x86_64/sysroot/usr/include/c++/v1/__config:955:49: note: expanded from macro '_LIBCPP_DEPRECATED'
C/C++:   955 | #      define _LIBCPP_DEPRECATED __attribute__((__deprecated__))
C/C++:       |                                                 ^
C/C++: /home/runner/work/fcitx5-android/fcitx5-android/lib/fcitx5-chinese-addons/src/main/cpp/fcitx5-chinese-addons/tools/scel2org5.cpp:157:17: warning: 'wstring_convert<std::codecvt_utf8_utf16<char16_t>, char16_t>' is deprecated [-Wdeprecated-declarations]
C/C++:   157 |     return std::wstring_convert<std::codecvt_utf8_utf16<char16_t>, char16_t>{}
C/C++:       |                 ^
C/C++: /usr/local/lib/android/sdk/ndk/28.0.13004108/toolchains/llvm/prebuilt/linux-x86_64/sysroot/usr/include/c++/v1/locale:3114:28: note: 'wstring_convert<std::codecvt_utf8_utf16<char16_t>, char16_t>' has been explicitly marked deprecated here
C/C++:  3114 | class _LIBCPP_TEMPLATE_VIS _LIBCPP_DEPRECATED_IN_CXX17 wstring_convert {
C/C++:       |                            ^
C/C++: /usr/local/lib/android/sdk/ndk/28.0.13004108/toolchains/llvm/prebuilt/linux-x86_64/sysroot/usr/include/c++/v1/__config:982:41: note: expanded from macro '_LIBCPP_DEPRECATED_IN_CXX17'
C/C++:   982 | #    define _LIBCPP_DEPRECATED_IN_CXX17 _LIBCPP_DEPRECATED
C/C++:       |                                         ^
C/C++: /usr/local/lib/android/sdk/ndk/28.0.13004108/toolchains/llvm/prebuilt/linux-x86_64/sysroot/usr/include/c++/v1/__config:955:49: note: expanded from macro '_LIBCPP_DEPRECATED'
C/C++:   955 | #      define _LIBCPP_DEPRECATED __attribute__((__deprecated__))
C/C++:       |                                                 ^
C/C++: In file included from /home/runner/work/fcitx5-android/fcitx5-android/lib/fcitx5-chinese-addons/src/main/cpp/fcitx5-chinese-addons/tools/scel2org5.cpp:16:
C/C++: In file included from /home/runner/work/fcitx5-android/fcitx5-android/lib/fcitx5/build/headers/usr/include/Fcitx5/Utils/fcitx-utils/fdstreambuf.h:12:
C/C++: In file included from /home/runner/work/fcitx5-android/fcitx5-android/lib/fcitx5/build/headers/usr/include/Fcitx5/Utils/fcitx-utils/unixfd.h:16:
C/C++: In file included from /home/runner/work/fcitx5-android/fcitx5-android/lib/fcitx5/build/headers/usr/include/Fcitx5/Utils/fcitx-utils/log.h:15:
C/C++: In file included from /usr/local/lib/android/sdk/ndk/28.0.13004108/toolchains/llvm/prebuilt/linux-x86_64/sysroot/usr/include/c++/v1/iostream:43:
C/C++: In file included from /usr/local/lib/android/sdk/ndk/28.0.13004108/toolchains/llvm/prebuilt/linux-x86_64/sysroot/usr/include/c++/v1/istream:170:
C/C++: In file included from /usr/local/lib/android/sdk/ndk/28.0.13004108/toolchains/llvm/prebuilt/linux-x86_64/sysroot/usr/include/c++/v1/ostream:188:
C/C++: In file included from /usr/local/lib/android/sdk/ndk/28.0.13004108/toolchains/llvm/prebuilt/linux-x86_64/sysroot/usr/include/c++/v1/format:194:
C/C++: In file included from /usr/local/lib/android/sdk/ndk/28.0.13004108/toolchains/llvm/prebuilt/linux-x86_64/sysroot/usr/include/c++/v1/__format/container_adaptor.h:20:
C/C++: In file included from /usr/local/lib/android/sdk/ndk/28.0.13004108/toolchains/llvm/prebuilt/linux-x86_64/sysroot/usr/include/c++/v1/__format/range_default_formatter.h:23:
C/C++: In file included from /usr/local/lib/android/sdk/ndk/28.0.13004108/toolchains/llvm/prebuilt/linux-x86_64/sysroot/usr/include/c++/v1/__format/range_formatter.h:23:
C/C++: In file included from /usr/local/lib/android/sdk/ndk/28.0.13004108/toolchains/llvm/prebuilt/linux-x86_64/sysroot/usr/include/c++/v1/__format/format_context.h:30:
C/C++: /usr/local/lib/android/sdk/ndk/28.0.13004108/toolchains/llvm/prebuilt/linux-x86_64/sysroot/usr/include/c++/v1/locale:3257:1: warning: 'wstring_convert<std::codecvt_utf8_utf16<char16_t>, char16_t>' is deprecated [-Wdeprecated-declarations]
C/C++:  3257 | wstring_convert<_Codecvt, _Elem, _WideAlloc, _ByteAlloc>::to_bytes(const _Elem* __frm, const _Elem* __frm_end) {
C/C++:       | ^
C/C++: /home/runner/work/fcitx5-android/fcitx5-android/lib/fcitx5-chinese-addons/src/main/cpp/fcitx5-chinese-addons/tools/scel2org5.cpp:158:10: note: in instantiation of member function 'std::wstring_convert<std::codecvt_utf8_utf16<char16_t>, char16_t>::to_bytes' requested here
C/C++:   158 |         .to_bytes(value, value + size);
C/C++:       |          ^
C/C++: /usr/local/lib/android/sdk/ndk/28.0.13004108/toolchains/llvm/prebuilt/linux-x86_64/sysroot/usr/include/c++/v1/locale:3114:28: note: 'wstring_convert<std::codecvt_utf8_utf16<char16_t>, char16_t>' has been explicitly marked deprecated here
C/C++:  3114 | class _LIBCPP_TEMPLATE_VIS _LIBCPP_DEPRECATED_IN_CXX17 wstring_convert {
C/C++:       |                            ^
C/C++: /usr/local/lib/android/sdk/ndk/28.0.13004108/toolchains/llvm/prebuilt/linux-x86_64/sysroot/usr/include/c++/v1/__config:982:41: note: expanded from macro '_LIBCPP_DEPRECATED_IN_CXX17'
C/C++:   982 | #    define _LIBCPP_DEPRECATED_IN_CXX17 _LIBCPP_DEPRECATED
C/C++:       |                                         ^
C/C++: /usr/local/lib/android/sdk/ndk/28.0.13004108/toolchains/llvm/prebuilt/linux-x86_64/sysroot/usr/include/c++/v1/__config:955:49: note: expanded from macro '_LIBCPP_DEPRECATED'
C/C++:   955 | #      define _LIBCPP_DEPRECATED __attribute__((__deprecated__))
C/C++:       |                                                 ^
C/C++: 3 warnings generated.

> Task :lib:fcitx5-chinese-addons:buildCMakeRelWithDebInfo[x86_64][chttrans,cmake,etc]
C/C++: ninja: Entering directory `/home/runner/work/fcitx5-android/fcitx5-android/lib/fcitx5-chinese-addons/.cxx/RelWithDebInfo/6k5u2n4h/x86_64'
C/C++: /home/runner/work/fcitx5-android/fcitx5-android/lib/fcitx5-chinese-addons/src/main/cpp/fcitx5-chinese-addons/tools/scel2org5.cpp:157:38: warning: 'codecvt_utf8_utf16<char16_t>' is deprecated [-Wdeprecated-declarations]
C/C++:   157 |     return std::wstring_convert<std::codecvt_utf8_utf16<char16_t>, char16_t>{}
C/C++:       |                                      ^
C/C++: /usr/local/lib/android/sdk/ndk/28.0.13004108/toolchains/llvm/prebuilt/linux-x86_64/sysroot/usr/include/c++/v1/codecvt:568:28: note: 'codecvt_utf8_utf16<char16_t>' has been explicitly marked deprecated here
C/C++:   568 | class _LIBCPP_TEMPLATE_VIS _LIBCPP_DEPRECATED_IN_CXX17 codecvt_utf8_utf16 : public __codecvt_utf8_utf16<_Elem> {
C/C++:       |                            ^
C/C++: /usr/local/lib/android/sdk/ndk/28.0.13004108/toolchains/llvm/prebuilt/linux-x86_64/sysroot/usr/include/c++/v1/__config:982:41: note: expanded from macro '_LIBCPP_DEPRECATED_IN_CXX17'
C/C++:   982 | #    define _LIBCPP_DEPRECATED_IN_CXX17 _LIBCPP_DEPRECATED
C/C++:       |                                         ^
C/C++: /usr/local/lib/android/sdk/ndk/28.0.13004108/toolchains/llvm/prebuilt/linux-x86_64/sysroot/usr/include/c++/v1/__config:955:49: note: expanded from macro '_LIBCPP_DEPRECATED'
C/C++:   955 | #      define _LIBCPP_DEPRECATED __attribute__((__deprecated__))
C/C++:       |                                                 ^
C/C++: /home/runner/work/fcitx5-android/fcitx5-android/lib/fcitx5-chinese-addons/src/main/cpp/fcitx5-chinese-addons/tools/scel2org5.cpp:157:17: warning: 'wstring_convert<std::codecvt_utf8_utf16<char16_t>, char16_t>' is deprecated [-Wdeprecated-declarations]
C/C++:   157 |     return std::wstring_convert<std::codecvt_utf8_utf16<char16_t>, char16_t>{}
C/C++:       |                 ^
C/C++: /usr/local/lib/android/sdk/ndk/28.0.13004108/toolchains/llvm/prebuilt/linux-x86_64/sysroot/usr/include/c++/v1/locale:3114:28: note: 'wstring_convert<std::codecvt_utf8_utf16<char16_t>, char16_t>' has been explicitly marked deprecated here
C/C++:  3114 | class _LIBCPP_TEMPLATE_VIS _LIBCPP_DEPRECATED_IN_CXX17 wstring_convert {
C/C++:       |                            ^
C/C++: /usr/local/lib/android/sdk/ndk/28.0.13004108/toolchains/llvm/prebuilt/linux-x86_64/sysroot/usr/include/c++/v1/__config:982:41: note: expanded from macro '_LIBCPP_DEPRECATED_IN_CXX17'
C/C++:   982 | #    define _LIBCPP_DEPRECATED_IN_CXX17 _LIBCPP_DEPRECATED
C/C++:       |                                         ^
C/C++: /usr/local/lib/android/sdk/ndk/28.0.13004108/toolchains/llvm/prebuilt/linux-x86_64/sysroot/usr/include/c++/v1/__config:955:49: note: expanded from macro '_LIBCPP_DEPRECATED'
C/C++:   955 | #      define _LIBCPP_DEPRECATED __attribute__((__deprecated__))
C/C++:       |                                                 ^
C/C++: In file included from /home/runner/work/fcitx5-android/fcitx5-android/lib/fcitx5-chinese-addons/src/main/cpp/fcitx5-chinese-addons/tools/scel2org5.cpp:16:
C/C++: In file included from /home/runner/work/fcitx5-android/fcitx5-android/lib/fcitx5/build/headers/usr/include/Fcitx5/Utils/fcitx-utils/fdstreambuf.h:12:
C/C++: In file included from /home/runner/work/fcitx5-android/fcitx5-android/lib/fcitx5/build/headers/usr/include/Fcitx5/Utils/fcitx-utils/unixfd.h:16:
C/C++: In file included from /home/runner/work/fcitx5-android/fcitx5-android/lib/fcitx5/build/headers/usr/include/Fcitx5/Utils/fcitx-utils/log.h:15:
C/C++: In file included from /usr/local/lib/android/sdk/ndk/28.0.13004108/toolchains/llvm/prebuilt/linux-x86_64/sysroot/usr/include/c++/v1/iostream:43:
C/C++: In file included from /usr/local/lib/android/sdk/ndk/28.0.13004108/toolchains/llvm/prebuilt/linux-x86_64/sysroot/usr/include/c++/v1/istream:170:
C/C++: In file included from /usr/local/lib/android/sdk/ndk/28.0.13004108/toolchains/llvm/prebuilt/linux-x86_64/sysroot/usr/include/c++/v1/ostream:188:
C/C++: In file included from /usr/local/lib/android/sdk/ndk/28.0.13004108/toolchains/llvm/prebuilt/linux-x86_64/sysroot/usr/include/c++/v1/format:194:
C/C++: In file included from /usr/local/lib/android/sdk/ndk/28.0.13004108/toolchains/llvm/prebuilt/linux-x86_64/sysroot/usr/include/c++/v1/__format/container_adaptor.h:20:
C/C++: In file included from /usr/local/lib/android/sdk/ndk/28.0.13004108/toolchains/llvm/prebuilt/linux-x86_64/sysroot/usr/include/c++/v1/__format/range_default_formatter.h:23:
C/C++: In file included from /usr/local/lib/android/sdk/ndk/28.0.13004108/toolchains/llvm/prebuilt/linux-x86_64/sysroot/usr/include/c++/v1/__format/range_formatter.h:23:
C/C++: In file included from /usr/local/lib/android/sdk/ndk/28.0.13004108/toolchains/llvm/prebuilt/linux-x86_64/sysroot/usr/include/c++/v1/__format/format_context.h:30:
C/C++: /usr/local/lib/android/sdk/ndk/28.0.13004108/toolchains/llvm/prebuilt/linux-x86_64/sysroot/usr/include/c++/v1/locale:3257:1: warning: 'wstring_convert<std::codecvt_utf8_utf16<char16_t>, char16_t>' is deprecated [-Wdeprecated-declarations]
C/C++:  3257 | wstring_convert<_Codecvt, _Elem, _WideAlloc, _ByteAlloc>::to_bytes(const _Elem* __frm, const _Elem* __frm_end) {
C/C++:       | ^
C/C++: /home/runner/work/fcitx5-android/fcitx5-android/lib/fcitx5-chinese-addons/src/main/cpp/fcitx5-chinese-addons/tools/scel2org5.cpp:158:10: note: in instantiation of member function 'std::wstring_convert<std::codecvt_utf8_utf16<char16_t>, char16_t>::to_bytes' requested here
C/C++:   158 |         .to_bytes(value, value + size);
C/C++:       |          ^
C/C++: /usr/local/lib/android/sdk/ndk/28.0.13004108/toolchains/llvm/prebuilt/linux-x86_64/sysroot/usr/include/c++/v1/locale:3114:28: note: 'wstring_convert<std::codecvt_utf8_utf16<char16_t>, char16_t>' has been explicitly marked deprecated here
C/C++:  3114 | class _LIBCPP_TEMPLATE_VIS _LIBCPP_DEPRECATED_IN_CXX17 wstring_convert {
C/C++:       |                            ^
C/C++: /usr/local/lib/android/sdk/ndk/28.0.13004108/toolchains/llvm/prebuilt/linux-x86_64/sysroot/usr/include/c++/v1/__config:982:41: note: expanded from macro '_LIBCPP_DEPRECATED_IN_CXX17'
C/C++:   982 | #    define _LIBCPP_DEPRECATED_IN_CXX17 _LIBCPP_DEPRECATED
C/C++:       |                                         ^
C/C++: /usr/local/lib/android/sdk/ndk/28.0.13004108/toolchains/llvm/prebuilt/linux-x86_64/sysroot/usr/include/c++/v1/__config:955:49: note: expanded from macro '_LIBCPP_DEPRECATED'
C/C++:   955 | #      define _LIBCPP_DEPRECATED __attribute__((__deprecated__))
C/C++:       |                                                 ^
C/C++: 3 warnings generated.

> Task :lib:fcitx5-lua:mergeReleaseJniLibFolders
> Task :lib:fcitx5-lua:mergeReleaseNativeLibs
> Task :lib:libime:mergeReleaseJniLibFolders
> Task :lib:fcitx5-lua:copyReleaseJniLibsProjectOnly
> Task :lib:fcitx5-chinese-addons:generateJsonModelRelease
> Task :lib:libime:mergeReleaseNativeLibs
> Task :lib:fcitx5-chinese-addons:installFcitxHeaders
> Task :app:generateReleaseAssets UP-TO-DATE
> Task :lib:common:generateReleaseAssets UP-TO-DATE
> Task :lib:libime:copyReleaseJniLibsProjectOnly
> Task :lib:common:mergeReleaseAssets
> Task :lib:fcitx5-chinese-addons:externalNativeBuildRelease
> Task :lib:fcitx5-chinese-addons:prefabReleaseConfigurePackage
> Task :app:configureCMakeRelWithDebInfo[arm64-v8a]
> Task :app:configureCMakeRelWithDebInfo[armeabi-v7a]
> Task :app:configureCMakeRelWithDebInfo[x86]
> Task :app:configureCMakeRelWithDebInfo[x86_64]
> Task :app:installProjectConfig
> Task :app:installProjectPrebuiltAssets
> Task :app:installProjectTranslation
> Task :app:installFcitxComponent
> Task :app:deleteFcitxComponentExcludeFiles
> Task :app:generateDataDescriptor
> Task :lib:fcitx5:generateReleaseAssets UP-TO-DATE
> Task :lib:fcitx5:mergeReleaseAssets
> Task :lib:fcitx5-chinese-addons:generateReleaseAssets UP-TO-DATE
> Task :lib:fcitx5-chinese-addons:mergeReleaseAssets
> Task :lib:fcitx5-lua:generateReleaseAssets UP-TO-DATE
> Task :lib:fcitx5-lua:mergeReleaseAssets
> Task :lib:libime:generateReleaseAssets UP-TO-DATE
> Task :lib:libime:mergeReleaseAssets
> Task :app:mergeReleaseAssets
> Task :lib:common:createFullJarRelease
> Task :lib:common:extractProguardFiles
> Task :lib:common:generateReleaseLintModel
> Task :lib:fcitx5:createFullJarRelease
> Task :lib:fcitx5:extractProguardFiles
> Task :lib:fcitx5:generateReleaseLintModel
> Task :lib:fcitx5-chinese-addons:createFullJarRelease
> Task :lib:fcitx5-chinese-addons:extractProguardFiles
> Task :lib:fcitx5-lua:createFullJarRelease
> Task :lib:fcitx5-lua:extractProguardFiles
> Task :lib:fcitx5:prepareLintJarForPublish
> Task :lib:fcitx5-lua:prepareLintJarForPublish
> Task :lib:common:prepareLintJarForPublish
> Task :lib:fcitx5-lua:generateReleaseLintModel
> Task :lib:libime:createFullJarRelease
> Task :lib:libime:extractProguardFiles
> Task :lib:libime:generateReleaseLintModel
> Task :lib:libime:prepareLintJarForPublish
> Task :lib:fcitx5-chinese-addons:prepareLintJarForPublish
> Task :lib:fcitx5-chinese-addons:checkReleaseAarMetadata
> Task :lib:fcitx5-chinese-addons:generateReleaseLintModel
> Task :app:generateReleaseLintVitalReportModel
> Task :lib:fcitx5-chinese-addons:mergeReleaseJniLibFolders
> Task :lib:fcitx5-chinese-addons:extractDeepLinksForAarRelease
> Task :lib:fcitx5-chinese-addons:mergeReleaseNativeLibs
> Task :lib:fcitx5-chinese-addons:extractReleaseAnnotations
> Task :lib:fcitx5-chinese-addons:stripReleaseDebugSymbols NO-SOURCE
> Task :lib:fcitx5-chinese-addons:copyReleaseJniLibsProjectAndLocalJars
> Task :lib:fcitx5-chinese-addons:mergeReleaseConsumerProguardFiles
> Task :lib:fcitx5-chinese-addons:prefabReleasePackage
> Task :lib:fcitx5-chinese-addons:mergeReleaseJavaResource
> Task :lib:fcitx5-lua:stripReleaseDebugSymbols NO-SOURCE
> Task :lib:fcitx5-lua:checkReleaseAarMetadata
> Task :lib:fcitx5-chinese-addons:syncReleaseLibJars
> Task :lib:fcitx5-chinese-addons:bundleReleaseLocalLintAar
> Task :lib:fcitx5-lua:copyReleaseJniLibsProjectAndLocalJars
> Task :lib:fcitx5-lua:extractDeepLinksForAarRelease
> Task :lib:fcitx5-lua:extractReleaseAnnotations
> Task :lib:fcitx5-lua:mergeReleaseConsumerProguardFiles
> Task :lib:fcitx5-lua:mergeReleaseJavaResource
> Task :lib:fcitx5-lua:syncReleaseLibJars
> Task :lib:fcitx5-lua:bundleReleaseLocalLintAar
> Task :lib:libime:checkReleaseAarMetadata
> Task :lib:libime:stripReleaseDebugSymbols NO-SOURCE
> Task :lib:libime:copyReleaseJniLibsProjectAndLocalJars
> Task :lib:libime:extractDeepLinksForAarRelease
> Task :lib:libime:extractReleaseAnnotations
> Task :lib:libime:mergeReleaseConsumerProguardFiles
> Task :lib:libime:mergeReleaseJavaResource
> Task :app:compressReleaseAssets
> Task :lib:libime:syncReleaseLibJars
> Task :lib:libime:bundleReleaseLocalLintAar
> Task :lib:fcitx5:checkReleaseAarMetadata
> Task :lib:fcitx5:stripReleaseDebugSymbols NO-SOURCE
> Task :lib:fcitx5:copyReleaseJniLibsProjectAndLocalJars
> Task :lib:fcitx5:extractDeepLinksForAarRelease
> Task :lib:fcitx5:extractReleaseAnnotations
> Task :lib:fcitx5:mergeReleaseConsumerProguardFiles
> Task :lib:fcitx5:mergeReleaseJavaResource
> Task :lib:fcitx5:syncReleaseLibJars
> Task :lib:fcitx5:bundleReleaseLocalLintAar
> Task :lib:common:checkReleaseAarMetadata
> Task :lib:common:mergeReleaseJniLibFolders
> Task :lib:common:mergeReleaseNativeLibs NO-SOURCE
> Task :lib:common:stripReleaseDebugSymbols NO-SOURCE
> Task :lib:common:copyReleaseJniLibsProjectAndLocalJars
> Task :lib:common:extractDeepLinksForAarRelease
> Task :lib:common:extractReleaseAnnotations
> Task :lib:common:mergeReleaseConsumerProguardFiles
> Task :lib:common:mergeReleaseJavaResource
> Task :lib:common:syncReleaseLibJars
> Task :lib:common:bundleReleaseLocalLintAar
> Task :lib:common:writeReleaseLintModelMetadata
> Task :lib:fcitx5:writeReleaseLintModelMetadata
> Task :lib:fcitx5-lua:writeReleaseLintModelMetadata
> Task :lib:libime:writeReleaseLintModelMetadata
> Task :lib:fcitx5-chinese-addons:writeReleaseLintModelMetadata
> Task :lib:common:generateReleaseLintVitalModel
> Task :lib:fcitx5:generateReleaseLintVitalModel
> Task :lib:fcitx5-chinese-addons:generateReleaseLintVitalModel
> Task :lib:fcitx5-lua:generateReleaseLintVitalModel
> Task :lib:libime:generateReleaseLintVitalModel
> Task :lib:fcitx5:lintVitalAnalyzeRelease
> Task :lib:common:lintVitalAnalyzeRelease
> Task :app:buildCMakeRelWithDebInfo[arm64-v8a][androidfrontend,androidkeyboard,etc]
> Task :app:convertShrunkResourcesToBinaryRelease
> Task :lib:fcitx5-lua:lintVitalAnalyzeRelease
> Task :lib:fcitx5-chinese-addons:lintVitalAnalyzeRelease
> Task :app:buildCMakeRelWithDebInfo[armeabi-v7a][androidfrontend,androidkeyboard,etc]
> Task :lib:libime:lintVitalAnalyzeRelease
> Task :app:buildCMakeRelWithDebInfo[x86][androidfrontend,androidkeyboard,etc]
> Task :app:optimizeReleaseResources
> Task :app:buildCMakeRelWithDebInfo[x86_64][androidfrontend,androidkeyboard,etc]
> Task :app:mergeReleaseJniLibFolders
> Task :lib:common:copyReleaseJniLibsProjectOnly
> Task :lib:fcitx5-chinese-addons:copyReleaseJniLibsProjectOnly
> Task :app:validateSigningRelease
> Task :app:writeReleaseAppMetadata
> Task :app:writeReleaseSigningConfigVersions
> Task :app:mergeReleaseNativeLibs
> Task :app:stripReleaseDebugSymbols
> Task :app:extractReleaseNativeSymbolTables
> Task :app:mergeReleaseNativeDebugMetadata
> Task :app:lintVitalAnalyzeRelease
> Task :app:lintVitalReportRelease
> Task :app:lintVitalRelease
> Task :app:packageRelease
> Task :app:generateBuildMetadataRelease
> Task :app:createReleaseApkListingFileRedirect
> Task :app:assembleRelease
gradle/actions: Writing build results to /home/runner/work/_temp/.gradle-actions/build-results/__run_2-1789566693714.json

[Incubating] Problems report is available at: file:///home/runner/work/fcitx5-android/fcitx5-android/build/reports/problems/problems-report.html

Deprecated Gradle features were used in this build, making it incompatible with Gradle 10.

You can use '--warning-mode all' to show the individual deprecation warnings and determine if they come from your own scripts or plugins.

For more on this, please refer to https://docs.gradle.org/9.4.1/userguide/command_line_interface.html#sec:command_line_warnings in the Gradle documentation.

BUILD SUCCESSFUL in 15m 19s
308 actionable tasks: 308 executed
